2026-08-05 00:00:00,-0.341247,0.115447,-0.956484,-17062,5772,-47824,28.8,1.0,18012,161.3,-47824,51104,-69.4,CPicoNanoTesla
2026-08-05 00:01:00,-0.341247,0.115434,-0.956516,-17062,5772,-47826,28.8,1.0,18012,161.3,-47826,51105,-69.4,CPicoNanoTesla
2026-08-05 00:02:00,-0.341247,0.115444,-0.956525,-17062,5772,-47826,28.8,1.0,18012,161.3,-47826,51106,-69.4,CPicoNanoTesla
2026-08-05 00:03:00,-0.341250,0.115459,-0.956509,-17062,5773,-47825,28.8,3.0,18013,161.3,-47825,51105,-69.4,CPicoNanoTesla
2026-08-05 00:04:00,-0.341225,0.115466,-0.956531,-17061,5773,-47827,28.8,3.0,18012,161.3,-47827,51106,-69.4,CPicoNanoTesla
2026-08-05 00:05:00,-0.341256,0.115456,-0.956550,-17063,5773,-47828,28.8,3.0,18013,161.3,-47828,51107,-69.4,CPicoNanoTesla
2026-08-05 00:06:00,-0.341256,0.115450,-0.956522,-17063,5772,-47826,28.7,3.0,18013,161.3,-47826,51106,-69.4,CPicoNanoTesla
2026-08-05 00:07:00,-0.341234,0.115444,-0.956547,-17062,5772,-47827,28.7,3.0,18012,161.3,-47827,51107,-69.4,CPicoNanoTesla
2026-08-05 00:08:00,-0.341247,0.115456,-0.956506,-17062,5773,-47825,28.7,3.0,18012,161.3,-47825,51105,-69.4,CPicoNanoTesla
2026-08-05 00:09:00,-0.341253,0.115463,-0.956538,-17063,5773,-47827,28.7,3.0,18013,161.3,-47827,51106,-69.4,CPicoNanoTesla
2026-08-05 00:10:00,-0.341241,0.115463,-0.956519,-17062,5773,-47826,28.7,3.0,18012,161.3,-47826,51105,-69.4,CPicoNanoTesla
2026-08-05 00:11:00,-0.341238,0.115463,-0.956541,-17062,5773,-47827,28.7,3.0,18012,161.3,-47827,51106,-69.4,CPicoNanoTesla
2026-08-05 00:12:00,-0.341231,0.115469,-0.956581,-17062,5773,-47829,28.7,3.0,18012,161.3,-47829,51108,-69.4,CPicoNanoTesla
2026-08-05 00:13:00,-0.341259,0.115463,-0.956597,-17063,5773,-47830,28.7,3.0,18013,161.3,-47830,51109,-69.4,CPicoNanoTesla
2026-08-05 00:14:00,-0.341225,0.115475,-0.956566,-17061,5774,-47828,28.7,3.0,18012,161.3,-47828,51107,-69.4,CPicoNanoTesla
2026-08-05 00:15:00,-0.341234,0.115438,-0.956563,-17062,5772,-47828,28.7,3.0,18012,161.3,-47828,51107,-69.4,CPicoNanoTesla
2026-08-05 00:16:00,-0.341247,0.115450,-0.956609,-17062,5772,-47830,28.7,3.0,18012,161.3,-47830,51110,-69.4,CPicoNanoTesla
2026-08-05 00:17:00,-0.341244,0.115469,-0.956613,-17062,5773,-47831,28.7,3.0,18013,161.3,-47831,51110,-69.4,CPicoNanoTesla
2026-08-05 00:18:00,-0.341256,0.115469,-0.956628,-17063,5773,-47831,28.7,3.0,18013,161.3,-47831,51111,-69.4,CPicoNanoTesla
2026-08-05 00:19:00,-0.341219,0.115481,-0.956613,-17061,5774,-47831,28.7,3.0,18012,161.3,-47831,51110,-69.4,CPicoNanoTesla
2026-08-05 00:20:00,-0.341234,0.115475,-0.956600,-17062,5774,-47830,28.6,3.0,18012,161.3,-47830,51109,-69.4,CPicoNanoTesla
2026-08-05 00:21:00,-0.341231,0.115453,-0.956603,-17062,5773,-47830,28.6,3.0,18012,161.3,-47830,51109,-69.4,CPicoNanoTesla
2026-08-05 00:22:00,-0.341219,0.115491,-0.956609,-17061,5775,-47830,28.6,3.0,18012,161.3,-47830,51109,-69.4,CPicoNanoTesla
2026-08-05 00:23:00,-0.341209,0.115491,-0.956625,-17060,5775,-47831,28.6,3.0,18011,161.3,-47831,51110,-69.4,CPicoNanoTesla
2026-08-05 00:24:00,-0.341206,0.115475,-0.956622,-17060,5774,-47831,28.6,3.0,18011,161.3,-47831,51110,-69.4,CPicoNanoTesla
2026-08-05 00:25:00,-0.341194,0.115481,-0.956622,-17060,5774,-47831,28.6,3.0,18010,161.3,-47831,51110,-69.4,CPicoNanoTesla
2026-08-05 00:26:00,-0.341209,0.115438,-0.956616,-17060,5772,-47831,28.5,3.0,18010,161.3,-47831,51109,-69.4,CPicoNanoTesla
2026-08-05 00:27:00,-0.341181,0.115484,-0.956600,-17059,5774,-47830,28.5,3.0,18010,161.3,-47830,51108,-69.4,CPicoNanoTesla
2026-08-05 00:28:00,-0.341209,0.115472,-0.956616,-17060,5774,-47831,28.5,3.0,18011,161.3,-47831,51109,-69.4,CPicoNanoTesla
2026-08-05 00:29:00,-0.341206,0.115466,-0.956634,-17060,5773,-47832,28.5,3.0,18011,161.3,-47832,51110,-69.4,CPicoNanoTesla
2026-08-05 00:30:00,-0.341203,0.115466,-0.956634,-17060,5773,-47832,28.5,3.0,18011,161.3,-47832,51110,-69.4,CPicoNanoTesla
2026-08-05 00:31:00,-0.341184,0.115481,-0.956666,-17059,5774,-47833,28.5,3.0,18010,161.3,-47833,51111,-69.4,CPicoNanoTesla
2026-08-05 00:32:00,-0.341219,0.115453,-0.956659,-17061,5773,-47833,28.5,3.0,18011,161.3,-47833,51112,-69.4,CPicoNanoTesla
2026-08-05 00:33:00,-0.341213,0.115459,-0.956653,-17061,5773,-47833,28.5,3.0,18011,161.3,-47833,51111,-69.4,CPicoNanoTesla
2026-08-05 00:34:00,-0.341119,0.115494,-0.956725,-17056,5775,-47836,28.5,4.0,18007,161.3,-47836,51113,-69.4,CPicoNanoTesla
2026-08-05 00:35:00,-0.341125,0.115503,-0.956728,-17056,5775,-47836,28.5,4.0,18007,161.3,-47836,51114,-69.4,CPicoNanoTesla
2026-08-05 00:36:00,-0.341163,0.115450,-0.956653,-17058,5772,-47833,28.5,4.0,18008,161.3,-47833,51110,-69.4,CPicoNanoTesla
2026-08-05 00:37:00,-0.341194,0.115475,-0.956659,-17060,5774,-47833,28.5,4.0,18010,161.3,-47833,51111,-69.4,CPicoNanoTesla
2026-08-05 00:38:00,-0.341159,0.115506,-0.956706,-17058,5775,-47835,28.4,4.0,18009,161.3,-47835,51113,-69.4,CPicoNanoTesla
2026-08-05 00:39:00,-0.341150,0.115509,-0.956688,-17058,5775,-47834,28.5,4.0,18009,161.3,-47834,51112,-69.4,CPicoNanoTesla
2026-08-05 00:40:00,-0.341222,0.115491,-0.956659,-17061,5775,-47833,28.5,4.0,18012,161.3,-47833,51112,-69.4,CPicoNanoTesla
2026-08-05 00:41:00,-0.341206,0.115484,-0.956672,-17060,5774,-47834,28.5,4.0,18011,161.3,-47834,51112,-69.4,CPicoNanoTesla
2026-08-05 00:42:00,-0.341197,0.115491,-0.956672,-17060,5775,-47834,28.5,4.0,18011,161.3,-47834,51112,-69.4,CPicoNanoTesla
2026-08-05 00:43:00,-0.341197,0.115497,-0.956709,-17060,5775,-47835,28.5,4.0,18011,161.3,-47835,51114,-69.4,CPicoNanoTesla
2026-08-05 00:44:00,-0.341122,0.115519,-0.956759,-17056,5776,-47838,28.4,4.0,18008,161.3,-47838,51115,-69.4,CPicoNanoTesla
2026-08-05 00:45:00,-0.341144,0.115497,-0.956775,-17057,5775,-47839,28.4,4.0,18008,161.3,-47839,51116,-69.4,CPicoNanoTesla
2026-08-05 00:46:00,-0.341163,0.115497,-0.956769,-17058,5775,-47838,28.5,4.0,18009,161.3,-47838,51116,-69.4,CPicoNanoTesla
2026-08-05 00:47:00,-0.341153,0.115494,-0.956769,-17058,5775,-47838,28.5,4.0,18009,161.3,-47838,51116,-69.4,CPicoNanoTesla
2026-08-05 00:48:00,-0.341137,0.115506,-0.956778,-17057,5775,-47839,28.5,4.0,18008,161.3,-47839,51116,-69.4,CPicoNanoTesla
2026-08-05 00:49:00,-0.341159,0.115478,-0.956781,-17058,5774,-47839,28.5,4.0,18009,161.3,-47839,51116,-69.4,CPicoNanoTesla
2026-08-05 00:50:00,-0.341131,0.115472,-0.956788,-17057,5774,-47839,28.5,4.0,18007,161.3,-47839,51116,-69.4,CPicoNanoTesla
2026-08-05 00:51:00,-0.341169,0.115475,-0.956738,-17058,5774,-47837,28.4,4.0,18009,161.3,-47837,51115,-69.4,CPicoNanoTesla
2026-08-05 00:52:00,-0.341203,0.115450,-0.956759,-17060,5772,-47838,28.4,4.0,18010,161.3,-47838,51116,-69.4,CPicoNanoTesla
2026-08-05 00:53:00,-0.341194,0.115428,-0.956769,-17060,5771,-47838,28.4,4.0,18010,161.3,-47838,51116,-69.4,CPicoNanoTesla
2026-08-05 00:54:00,-0.341219,0.115444,-0.956778,-17061,5772,-47839,28.4,4.0,18011,161.3,-47839,51117,-69.4,CPicoNanoTesla
2026-08-05 00:55:00,-0.341197,0.115450,-0.956806,-17060,5772,-47840,28.4,4.0,18010,161.3,-47840,51118,-69.4,CPicoNanoTesla
2026-08-05 00:56:00,-0.341172,0.115475,-0.956800,-17059,5774,-47840,28.4,4.0,18009,161.3,-47840,51117,-69.4,CPicoNanoTesla
2026-08-05 00:57:00,-0.341181,0.115459,-0.956769,-17059,5773,-47838,28.4,4.0,18009,161.3,-47838,51116,-69.4,CPicoNanoTesla
2026-08-05 00:58:00,-0.341175,0.115478,-0.956797,-17059,5774,-47840,28.4,4.0,18009,161.3,-47840,51117,-69.4,CPicoNanoTesla
2026-08-05 00:59:00,-0.341188,0.115478,-0.956825,-17059,5774,-47841,28.4,4.0,18010,161.3,-47841,51119,-69.4,CPicoNanoTesla
2026-08-05 01:00:00,-0.341206,0.115434,-0.956769,-17060,5772,-47838,28.4,0.0,18010,161.3,-47838,51116,-69.4,CPicoNanoTesla
2026-08-05 01:01:00,-0.341200,0.115419,-0.956797,-17060,5771,-47840,28.5,0.0,18010,161.3,-47840,51117,-69.4,CPicoNanoTesla
2026-08-05 01:02:00,-0.341213,0.115425,-0.956806,-17061,5771,-47840,28.5,0.0,18010,161.3,-47840,51118,-69.4,CPicoNanoTesla
2026-08-05 01:03:00,-0.341216,0.115453,-0.956806,-17061,5773,-47840,28.5,3.0,18011,161.3,-47840,51118,-69.4,CPicoNanoTesla
2026-08-05 01:04:00,-0.341222,0.115469,-0.956834,-17061,5773,-47842,28.5,3.0,18011,161.3,-47842,51120,-69.4,CPicoNanoTesla
2026-08-05 01:05:00,-0.341213,0.115469,-0.956825,-17061,5773,-47841,28.5,3.0,18011,161.3,-47841,51119,-69.4,CPicoNanoTesla
2026-08-05 01:06:00,-0.341206,0.115463,-0.956825,-17060,5773,-47841,28.5,3.0,18011,161.3,-47841,51119,-69.4,CPicoNanoTesla
2026-08-05 01:07:00,-0.341250,0.115466,-0.956819,-17062,5773,-47841,28.5,3.0,18013,161.3,-47841,51120,-69.4,CPicoNanoTesla
2026-08-05 01:08:00,-0.341203,0.115472,-0.956872,-17060,5774,-47844,28.5,3.0,18011,161.3,-47844,51121,-69.4,CPicoNanoTesla
2026-08-05 01:09:00,-0.341163,0.115484,-0.956891,-17058,5774,-47845,28.5,3.0,18009,161.3,-47845,51122,-69.4,CPicoNanoTesla
2026-08-05 01:10:00,-0.341159,0.115491,-0.956891,-17058,5775,-47845,28.5,3.0,18009,161.3,-47845,51122,-69.4,CPicoNanoTesla
2026-08-05 01:11:00,-0.341175,0.115484,-0.956888,-17059,5774,-47844,28.5,3.0,18010,161.3,-47844,51122,-69.4,CPicoNanoTesla
2026-08-05 01:12:00,-0.341213,0.115438,-0.956844,-17061,5772,-47842,28.5,3.0,18011,161.3,-47842,51120,-69.4,CPicoNanoTesla
2026-08-05 01:13:00,-0.341266,0.115409,-0.956797,-17063,5770,-47840,28.5,3.0,18013,161.3,-47840,51119,-69.4,CPicoNanoTesla
2026-08-05 01:14:00,-0.341241,0.115431,-0.956825,-17062,5772,-47841,28.5,3.0,18012,161.3,-47841,51120,-69.4,CPicoNanoTesla
2026-08-05 01:15:00,-0.341203,0.115428,-0.956822,-17060,5771,-47841,28.5,3.0,18010,161.3,-47841,51119,-69.4,CPicoNanoTesla
2026-08-05 01:16:00,-0.341219,0.115434,-0.956828,-17061,5772,-47841,28.5,3.0,18011,161.3,-47841,51119,-69.4,CPicoNanoTesla
2026-08-05 01:17:00,-0.341169,0.115466,-0.956844,-17058,5773,-47842,28.5,3.0,18009,161.3,-47842,51119,-69.4,CPicoNanoTesla
2026-08-05 01:18:00,-0.341216,0.115428,-0.956856,-17061,5771,-47843,28.5,3.0,18011,161.3,-47843,51121,-69.4,CPicoNanoTesla
2026-08-05 01:19:00,-0.341209,0.115428,-0.956856,-17060,5771,-47843,28.5,3.0,18010,161.3,-47843,51120,-69.4,CPicoNanoTesla
2026-08-05 01:20:00,-0.341206,0.115397,-0.956875,-17060,5770,-47844,28.5,3.0,18010,161.3,-47844,51121,-69.4,CPicoNanoTesla
2026-08-05 01:21:00,-0.341191,0.115400,-0.956834,-17060,5770,-47842,28.4,3.0,18009,161.3,-47842,51119,-69.4,CPicoNanoTesla
2026-08-05 01:22:00,-0.341203,0.115400,-0.956834,-17060,5770,-47842,28.4,3.0,18009,161.3,-47842,51119,-69.4,CPicoNanoTesla
2026-08-05 01:23:00,-0.341200,0.115397,-0.956822,-17060,5770,-47841,28.4,3.0,18009,161.3,-47841,51119,-69.4,CPicoNanoTesla
2026-08-05 01:24:00,-0.341191,0.115397,-0.956822,-17060,5770,-47841,28.4,3.0,18009,161.3,-47841,51118,-69.4,CPicoNanoTesla
2026-08-05 01:25:00,-0.341213,0.115387,-0.956856,-17061,5769,-47843,28.4,3.0,18010,161.3,-47843,51120,-69.4,CPicoNanoTesla
2026-08-05 01:26:00,-0.341116,0.115403,-0.956947,-17056,5770,-47847,28.4,3.0,18005,161.3,-47847,51123,-69.4,CPicoNanoTesla
2026-08-05 01:27:00,-0.341088,0.115409,-0.956934,-17054,5770,-47847,28.4,3.0,18004,161.3,-47847,51122,-69.4,CPicoNanoTesla
2026-08-05 01:28:00,-0.341172,0.115400,-0.956856,-17059,5770,-47843,28.4,4.0,18008,161.3,-47843,51120,-69.4,CPicoNanoTesla
2026-08-05 01:29:00,-0.341175,0.115416,-0.956863,-17059,5771,-47843,28.4,4.0,18008,161.3,-47843,51120,-69.4,CPicoNanoTesla
2026-08-05 01:30:00,-0.341156,0.115416,-0.956872,-17058,5771,-47844,28.4,4.0,18008,161.3,-47844,51120,-69.4,CPicoNanoTesla
2026-08-05 01:31:00,-0.341200,0.115394,-0.956856,-17060,5770,-47843,28.3,4.0,18009,161.3,-47843,51120,-69.4,CPicoNanoTesla
2026-08-05 01:32:00,-0.341191,0.115381,-0.956863,-17060,5769,-47843,28.4,4.0,18009,161.3,-47843,51120,-69.4,CPicoNanoTesla
2026-08-05 01:33:00,-0.341200,0.115387,-0.956891,-17060,5769,-47845,28.4,4.0,18009,161.3,-47845,51122,-69.4,CPicoNanoTesla
2026-08-05 01:34:00,-0.341200,0.115375,-0.956891,-17060,5769,-47845,28.4,4.0,18009,161.3,-47845,51122,-69.4,CPicoNanoTesla
2026-08-05 01:35:00,-0.341200,0.115400,-0.956866,-17060,5770,-47843,28.3,4.0,18009,161.3,-47843,51121,-69.4,CPicoNanoTesla
2026-08-05 01:36:00,-0.341197,0.115409,-0.956916,-17060,5770,-47846,28.4,4.0,18009,161.3,-47846,51123,-69.4,CPicoNanoTesla
2026-08-05 01:37:00,-0.341188,0.115397,-0.956884,-17059,5770,-47844,28.3,4.0,18009,161.3,-47844,51121,-69.4,CPicoNanoTesla
2026-08-05 01:38:00,-0.341209,0.115416,-0.956885,-17060,5771,-47844,28.3,4.0,18010,161.3,-47844,51122,-69.4,CPicoNanoTesla
2026-08-05 01:39:00,-0.341163,0.115425,-0.956928,-17058,5771,-47846,28.3,4.0,18008,161.3,-47846,51123,-69.4,CPicoNanoTesla
2026-08-05 01:40:00,-0.341188,0.115419,-0.956922,-17059,5771,-47846,28.3,4.0,18009,161.3,-47846,51123,-69.4,CPicoNanoTesla
2026-08-05 01:41:00,-0.341181,0.115428,-0.956878,-17059,5771,-47844,28.3,4.0,18009,161.3,-47844,51121,-69.4,CPicoNanoTesla
2026-08-05 01:42:00,-0.341178,0.115384,-0.956872,-17059,5769,-47844,28.2,4.0,18008,161.3,-47844,51120,-69.4,CPicoNanoTesla
2026-08-05 01:43:00,-0.341153,0.115369,-0.956881,-17058,5768,-47844,28.2,4.0,18007,161.3,-47844,51120,-69.4,CPicoNanoTesla
2026-08-05 01:44:00,-0.341159,0.115378,-0.956884,-17058,5769,-47844,28.2,4.0,18007,161.3,-47844,51121,-69.4,CPicoNanoTesla
2026-08-05 01:45:00,-0.341194,0.115412,-0.956909,-17060,5771,-47845,28.2,4.0,18009,161.3,-47845,51123,-69.4,CPicoNanoTesla
2026-08-05 01:46:00,-0.341206,0.115413,-0.956916,-17060,5771,-47846,28.2,4.0,18010,161.3,-47846,51123,-69.4,CPicoNanoTesla
2026-08-05 01:47:00,-0.341209,0.115438,-0.956928,-17060,5772,-47846,28.3,4.0,18010,161.3,-47846,51124,-69.4,CPicoNanoTesla
2026-08-05 01:48:00,-0.341206,0.115431,-0.956928,-17060,5772,-47846,28.3,4.0,18010,161.3,-47846,51124,-69.4,CPicoNanoTesla
2026-08-05 01:49:00,-0.341203,0.115419,-0.956931,-17060,5771,-47847,28.3,4.0,18010,161.3,-47847,51124,-69.4,CPicoNanoTesla
2026-08-05 01:50:00,-0.341197,0.115413,-0.956941,-17060,5771,-47847,28.3,4.0,18009,161.3,-47847,51124,-69.4,CPicoNanoTesla
2026-08-05 01:51:00,-0.341191,0.115394,-0.956944,-17060,5770,-47847,28.3,4.0,18009,161.3,-47847,51124,-69.4,CPicoNanoTesla
2026-08-05 01:52:00,-0.341169,0.115378,-0.956959,-17058,5769,-47848,28.3,4.0,18008,161.3,-47848,51124,-69.4,CPicoNanoTesla
2026-08-05 01:53:00,-0.341147,0.115384,-0.956928,-17057,5769,-47846,28.3,4.0,18007,161.3,-47846,51123,-69.4,CPicoNanoTesla
2026-08-05 01:54:00,-0.341197,0.115394,-0.956922,-17060,5770,-47846,28.2,4.0,18009,161.3,-47846,51123,-69.4,CPicoNanoTesla
2026-08-05 01:55:00,-0.341241,0.115397,-0.956941,-17062,5770,-47847,28.2,4.0,18011,161.3,-47847,51125,-69.4,CPicoNanoTesla
2026-08-05 01:56:00,-0.341238,0.115406,-0.956959,-17062,5770,-47848,28.3,4.0,18011,161.3,-47848,51126,-69.4,CPicoNanoTesla
2026-08-05 01:57:00,-0.341241,0.115431,-0.956975,-17062,5772,-47849,28.3,4.0,18012,161.3,-47849,51127,-69.4,CPicoNanoTesla
2026-08-05 01:58:00,-0.341237,0.115438,-0.956972,-17062,5772,-47849,28.2,4.0,18012,161.3,-47849,51126,-69.4,CPicoNanoTesla
2026-08-05 01:59:00,-0.341253,0.115441,-0.956991,-17063,5772,-47850,28.2,4.0,18013,161.3,-47850,51128,-69.4,CPicoNanoTesla
2026-08-05 02:00:00,-0.341216,0.115434,-0.957013,-17061,5772,-47851,28.3,0.0,18011,161.3,-47851,51128,-69.4,CPicoNanoTesla
2026-08-05 02:01:00,-0.341225,0.115453,-0.956988,-17061,5773,-47849,28.3,2.0,18011,161.3,-47849,51127,-69.4,CPicoNanoTesla
2026-08-05 02:02:00,-0.341225,0.115444,-0.956956,-17061,5772,-47848,28.3,2.0,18011,161.3,-47848,51126,-69.4,CPicoNanoTesla
2026-08-05 02:03:00,-0.341216,0.115431,-0.956981,-17061,5772,-47849,28.2,2.0,18011,161.3,-47849,51126,-69.4,CPicoNanoTesla
2026-08-05 02:04:00,-0.341175,0.115422,-0.956991,-17059,5771,-47850,28.2,2.0,18009,161.3,-47850,51126,-69.4,CPicoNanoTesla
2026-08-05 02:05:00,-0.341219,0.115397,-0.956953,-17061,5770,-47848,28.2,2.0,18010,161.3,-47848,51125,-69.4,CPicoNanoTesla
2026-08-05 02:06:00,-0.341219,0.115416,-0.956991,-17061,5771,-47850,28.2,2.0,18010,161.3,-47850,51127,-69.4,CPicoNanoTesla
2026-08-05 02:07:00,-0.341184,0.115394,-0.957022,-17059,5770,-47851,28.3,2.0,18009,161.3,-47851,51128,-69.4,CPicoNanoTesla
2026-08-05 02:08:00,-0.341159,0.115400,-0.957047,-17058,5770,-47852,28.3,2.0,18007,161.3,-47852,51128,-69.4,CPicoNanoTesla
2026-08-05 02:09:00,-0.341156,0.115422,-0.957078,-17058,5771,-47854,28.3,2.0,18008,161.3,-47854,51130,-69.4,CPicoNanoTesla
2026-08-05 02:10:00,-0.341206,0.115413,-0.957028,-17060,5771,-47851,28.3,2.0,18010,161.3,-47851,51128,-69.4,CPicoNanoTesla
2026-08-05 02:11:00,-0.341213,0.115394,-0.957000,-17061,5770,-47850,28.3,2.0,18010,161.3,-47850,51127,-69.4,CPicoNanoTesla
2026-08-05 02:12:00,-0.341213,0.115400,-0.957009,-17061,5770,-47850,28.2,2.0,18010,161.3,-47850,51128,-69.4,CPicoNanoTesla
2026-08-05 02:13:00,-0.341219,0.115413,-0.957044,-17061,5771,-47852,28.2,2.0,18010,161.3,-47852,51129,-69.4,CPicoNanoTesla
2026-08-05 02:14:00,-0.341219,0.115450,-0.957034,-17061,5772,-47852,28.2,2.0,18011,161.3,-47852,51129,-69.4,CPicoNanoTesla
2026-08-05 02:15:00,-0.341237,0.115459,-0.957047,-17062,5773,-47852,28.2,2.0,18012,161.3,-47852,51130,-69.4,CPicoNanoTesla
2026-08-05 02:16:00,-0.341234,0.115456,-0.957028,-17062,5773,-47851,28.2,2.0,18012,161.3,-47851,51129,-69.4,CPicoNanoTesla
2026-08-05 02:17:00,-0.341250,0.115444,-0.957038,-17062,5772,-47852,28.2,2.0,18012,161.3,-47852,51130,-69.4,CPicoNanoTesla
2026-08-05 02:18:00,-0.341253,0.115434,-0.957031,-17063,5772,-47852,28.2,2.0,18012,161.3,-47852,51129,-69.4,CPicoNanoTesla
2026-08-05 02:19:00,-0.341244,0.115466,-0.957075,-17062,5773,-47854,28.2,2.0,18012,161.3,-47854,51132,-69.4,CPicoNanoTesla
2026-08-05 02:20:00,-0.341244,0.115469,-0.957059,-17062,5773,-47853,28.2,2.0,18013,161.3,-47853,51131,-69.4,CPicoNanoTesla
2026-08-05 02:21:00,-0.341244,0.115463,-0.957047,-17062,5773,-47852,28.2,2.0,18012,161.3,-47852,51130,-69.4,CPicoNanoTesla
2026-08-05 02:22:00,-0.341253,0.115453,-0.957050,-17063,5773,-47852,28.2,2.0,18013,161.3,-47852,51130,-69.4,CPicoNanoTesla
2026-08-05 02:23:00,-0.341253,0.115469,-0.957072,-17063,5773,-47854,28.2,2.0,18013,161.3,-47854,51132,-69.4,CPicoNanoTesla
2026-08-05 02:24:00,-0.341256,0.115447,-0.957069,-17063,5772,-47853,28.2,2.0,18013,161.3,-47853,51131,-69.4,CPicoNanoTesla
2026-08-05 02:25:00,-0.341259,0.115466,-0.957044,-17063,5773,-47852,28.2,2.0,18013,161.3,-47852,51130,-69.4,CPicoNanoTesla
2026-08-05 02:26:00,-0.341250,0.115484,-0.957059,-17062,5774,-47853,28.2,2.0,18013,161.3,-47853,51131,-69.4,CPicoNanoTesla
2026-08-05 02:27:00,-0.341250,0.115459,-0.957059,-17062,5773,-47853,28.2,2.0,18013,161.3,-47853,51131,-69.4,CPicoNanoTesla
2026-08-05 02:28:00,-0.341281,0.115469,-0.957031,-17064,5773,-47852,28.2,2.0,18014,161.3,-47852,51130,-69.4,CPicoNanoTesla
2026-08-05 02:29:00,-0.341281,0.115469,-0.957041,-17064,5773,-47852,28.2,2.0,18014,161.3,-47852,51131,-69.4,CPicoNanoTesla
2026-08-05 02:30:00,-0.341247,0.115463,-0.957056,-17062,5773,-47853,28.2,2.0,18013,161.3,-47853,51131,-69.4,CPicoNanoTesla
2026-08-05 02:31:00,-0.341263,0.115438,-0.957053,-17063,5772,-47853,28.2,2.0,18013,161.3,-47853,51131,-69.4,CPicoNanoTesla
2026-08-05 02:32:00,-0.341281,0.115438,-0.957059,-17064,5772,-47853,28.2,2.0,18014,161.3,-47853,51131,-69.4,CPicoNanoTesla
2026-08-05 02:33:00,-0.341256,0.115438,-0.957072,-17063,5772,-47854,28.2,2.0,18013,161.3,-47854,51131,-69.4,CPicoNanoTesla
2026-08-05 02:34:00,-0.341272,0.115441,-0.957078,-17064,5772,-47854,28.2,2.0,18013,161.3,-47854,51132,-69.4,CPicoNanoTesla
2026-08-05 02:35:00,-0.341269,0.115456,-0.957078,-17063,5773,-47854,28.2,2.0,18014,161.3,-47854,51132,-69.4,CPicoNanoTesla
2026-08-05 02:36:00,-0.341253,0.115425,-0.957066,-17063,5771,-47853,28.1,2.0,18012,161.3,-47853,51131,-69.4,CPicoNanoTesla
2026-08-05 02:37:00,-0.341256,0.115438,-0.957072,-17063,5772,-47854,28.1,2.0,18013,161.3,-47854,51131,-69.4,CPicoNanoTesla
2026-08-05 02:38:00,-0.341256,0.115438,-0.957069,-17063,5772,-47853,28.1,2.0,18013,161.3,-47853,51131,-69.4,CPicoNanoTesla
2026-08-05 02:39:00,-0.341294,0.115422,-0.957056,-17065,5771,-47853,28.1,2.0,18014,161.3,-47853,51131,-69.4,CPicoNanoTesla
2026-08-05 02:40:00,-0.341272,0.115447,-0.957100,-17064,5772,-47855,28.1,2.0,18013,161.3,-47855,51133,-69.4,CPicoNanoTesla
2026-08-05 02:41:00,-0.341275,0.115472,-0.957078,-17064,5774,-47854,28.1,2.0,18014,161.3,-47854,51132,-69.4,CPicoNanoTesla
2026-08-05 02:42:00,-0.341294,0.115456,-0.957081,-17065,5773,-47854,28.1,2.0,18015,161.3,-47854,51133,-69.4,CPicoNanoTesla
2026-08-05 02:43:00,-0.341288,0.115441,-0.957091,-17064,5772,-47855,28.1,2.0,18014,161.3,-47855,51133,-69.4,CPicoNanoTesla
2026-08-05 02:44:00,-0.341288,0.115428,-0.957088,-17064,5771,-47854,28.1,2.0,18014,161.3,-47854,51133,-69.4,CPicoNanoTesla
2026-08-05 02:45:00,-0.341294,0.115434,-0.957088,-17065,5772,-47854,28.1,2.0,18014,161.3,-47854,51133,-69.4,CPicoNanoTesla
2026-08-05 02:46:00,-0.341281,0.115438,-0.957088,-17064,5772,-47854,28.1,2.0,18014,161.3,-47854,51133,-69.4,CPicoNanoTesla
2026-08-05 02:47:00,-0.341266,0.115416,-0.957097,-17063,5771,-47855,28.1,2.0,18013,161.3,-47855,51133,-69.4,CPicoNanoTesla
2026-08-05 02:48:00,-0.341269,0.115450,-0.957088,-17063,5772,-47854,28.1,2.0,18013,161.3,-47854,51132,-69.4,CPicoNanoTesla
2026-08-05 02:49:00,-0.341256,0.115450,-0.957134,-17063,5772,-47857,28.1,2.0,18013,161.3,-47857,51134,-69.4,CPicoNanoTesla
2026-08-05 02:50:00,-0.341259,0.115469,-0.957119,-17063,5773,-47856,28.1,2.0,18013,161.3,-47856,51134,-69.4,CPicoNanoTesla
2026-08-05 02:51:00,-0.341284,0.115453,-0.957134,-17064,5773,-47857,28.1,2.0,18014,161.3,-47857,51135,-69.4,CPicoNanoTesla
2026-08-05 02:52:00,-0.341284,0.115453,-0.957141,-17064,5773,-47857,28.1,2.0,18014,161.3,-47857,51135,-69.4,CPicoNanoTesla
2026-08-05 02:53:00,-0.341278,0.115450,-0.957138,-17064,5772,-47857,28.1,2.0,18014,161.3,-47857,51135,-69.4,CPicoNanoTesla
2026-08-05 02:54:00,-0.341284,0.115453,-0.957125,-17064,5773,-47856,28.1,2.0,18014,161.3,-47856,51134,-69.4,CPicoNanoTesla
2026-08-05 02:55:00,-0.341281,0.115459,-0.957153,-17064,5773,-47858,28.1,2.0,18014,161.3,-47858,51136,-69.4,CPicoNanoTesla
2026-08-05 02:56:00,-0.341266,0.115441,-0.957147,-17063,5772,-47857,28.1,2.0,18013,161.3,-47857,51135,-69.4,CPicoNanoTesla
2026-08-05 02:57:00,-0.341256,0.115456,-0.957131,-17063,5773,-47857,28.1,2.0,18013,161.3,-47857,51134,-69.4,CPicoNanoTesla
2026-08-05 02:58:00,-0.341259,0.115450,-0.957122,-17063,5772,-47856,28.0,2.0,18013,161.3,-47856,51134,-69.4,CPicoNanoTesla
2026-08-05 02:59:00,-0.341250,0.115456,-0.957159,-17062,5773,-47858,28.0,2.0,18013,161.3,-47858,51136,-69.4,CPicoNanoTesla
2026-08-05 03:00:00,-0.341266,0.115456,-0.957181,-17063,5773,-47859,28.1,0.0,18013,161.3,-47859,51137,-69.4,CPicoNanoTesla
2026-08-05 03:01:00,-0.341250,0.115453,-0.957172,-17062,5773,-47859,28.1,1.0,18013,161.3,-47859,51136,-69.4,CPicoNanoTesla
2026-08-05 03:02:00,-0.341266,0.115441,-0.957150,-17063,5772,-47858,28.1,3.0,18013,161.3,-47858,51135,-69.4,CPicoNanoTesla
2026-08-05 03:03:00,-0.341266,0.115447,-0.957147,-17063,5772,-47857,28.1,3.0,18013,161.3,-47857,51135,-69.4,CPicoNanoTesla
2026-08-05 03:04:00,-0.341275,0.115488,-0.957169,-17064,5774,-47858,28.1,3.0,18014,161.3,-47858,51137,-69.4,CPicoNanoTesla
2026-08-05 03:05:00,-0.341266,0.115459,-0.957141,-17063,5773,-47857,28.0,3.0,18013,161.3,-47857,51135,-69.4,CPicoNanoTesla
2026-08-05 03:06:00,-0.341256,0.115444,-0.957150,-17063,5772,-47858,28.0,3.0,18013,161.3,-47858,51135,-69.4,CPicoNanoTesla
2026-08-05 03:07:00,-0.341259,0.115447,-0.957153,-17063,5772,-47858,28.0,3.0,18013,161.3,-47858,51135,-69.4,CPicoNanoTesla
2026-08-05 03:08:00,-0.341253,0.115450,-0.957159,-17063,5772,-47858,28.0,3.0,18013,161.3,-47858,51136,-69.4,CPicoNanoTesla
2026-08-05 03:09:00,-0.341288,0.115422,-0.957147,-17064,5771,-47857,28.0,3.0,18014,161.3,-47857,51135,-69.4,CPicoNanoTesla
2026-08-05 03:10:00,-0.341250,0.115425,-0.957169,-17062,5771,-47858,28.0,3.0,18012,161.3,-47858,51136,-69.4,CPicoNanoTesla
2026-08-05 03:11:00,-0.341288,0.115478,-0.957159,-17064,5774,-47858,28.0,3.0,18015,161.3,-47858,51136,-69.4,CPicoNanoTesla
2026-08-05 03:12:00,-0.341253,0.115456,-0.957156,-17063,5773,-47858,27.9,3.0,18013,161.3,-47858,51135,-69.4,CPicoNanoTesla
2026-08-05 03:13:00,-0.341253,0.115459,-0.957141,-17063,5773,-47857,27.9,3.0,18013,161.3,-47857,51135,-69.4,CPicoNanoTesla
2026-08-05 03:14:00,-0.341253,0.115453,-0.957138,-17063,5773,-47857,27.9,3.0,18013,161.3,-47857,51135,-69.4,CPicoNanoTesla
2026-08-05 03:15:00,-0.341244,0.115453,-0.957131,-17062,5773,-47857,27.9,3.0,18012,161.3,-47857,51134,-69.4,CPicoNanoTesla
2026-08-05 03:16:00,-0.341262,0.115447,-0.957128,-17063,5772,-47856,27.9,3.0,18013,161.3,-47856,51134,-69.4,CPicoNanoTesla
2026-08-05 03:17:00,-0.341244,0.115447,-0.957141,-17062,5772,-47857,27.9,3.0,18012,161.3,-47857,51134,-69.4,CPicoNanoTesla
2026-08-05 03:18:00,-0.341297,0.115453,-0.957109,-17065,5773,-47855,27.9,3.0,18015,161.3,-47855,51134,-69.4,CPicoNanoTesla
2026-08-05 03:19:00,-0.341259,0.115444,-0.957150,-17063,5772,-47858,27.8,3.0,18013,161.3,-47858,51135,-69.4,CPicoNanoTesla
2026-08-05 03:20:00,-0.341241,0.115450,-0.957134,-17062,5772,-47857,27.8,3.0,18012,161.3,-47857,51134,-69.4,CPicoNanoTesla
2026-08-05 03:21:00,-0.341263,0.115434,-0.957150,-17063,5772,-47858,27.8,3.0,18013,161.3,-47858,51135,-69.4,CPicoNanoTesla
2026-08-05 03:22:00,-0.341253,0.115438,-0.957138,-17063,5772,-47857,27.8,3.0,18012,161.3,-47857,51134,-69.4,CPicoNanoTesla
2026-08-05 03:23:00,-0.341231,0.115428,-0.957091,-17062,5771,-47855,27.7,3.0,18011,161.3,-47855,51132,-69.4,CPicoNanoTesla
2026-08-05 03:24:00,-0.341234,0.115425,-0.957119,-17062,5771,-47856,27.7,3.0,18011,161.3,-47856,51133,-69.4,CPicoNanoTesla
2026-08-05 03:25:00,-0.341253,0.115441,-0.957100,-17063,5772,-47855,27.7,3.0,18013,161.3,-47855,51133,-69.4,CPicoNanoTesla
2026-08-05 03:26:00,-0.341272,0.115444,-0.957131,-17064,5772,-47857,27.7,3.0,18013,161.3,-47857,51134,-69.4,CPicoNanoTesla
2026-08-05 03:27:00,-0.341275,0.115425,-0.957119,-17064,5771,-47856,27.7,3.0,18013,161.3,-47856,51134,-69.4,CPicoNanoTesla
2026-08-05 03:28:00,-0.341266,0.115394,-0.957119,-17063,5770,-47856,27.7,3.0,18012,161.3,-47856,51134,-69.4,CPicoNanoTesla
2026-08-05 03:29:00,-0.341256,0.115419,-0.957131,-17063,5771,-47857,27.7,3.0,18012,161.3,-47857,51134,-69.4,CPicoNanoTesla
2026-08-05 03:30:00,-0.341253,0.115419,-0.957144,-17063,5771,-47857,27.7,3.0,18012,161.3,-47857,51135,-69.4,CPicoNanoTesla
2026-08-05 03:31:00,-0.341244,0.115391,-0.957134,-17062,5770,-47857,27.7,3.0,18011,161.3,-47857,51134,-69.4,CPicoNanoTesla
2026-08-05 03:32:00,-0.341266,0.115422,-0.957119,-17063,5771,-47856,27.6,3.0,18013,161.3,-47856,51134,-69.4,CPicoNanoTesla
2026-08-05 03:33:00,-0.341250,0.115431,-0.957081,-17062,5772,-47854,27.6,3.0,18012,161.3,-47854,51132,-69.4,CPicoNanoTesla
2026-08-05 03:34:00,-0.341263,0.115416,-0.957119,-17063,5771,-47856,27.6,3.0,18013,161.3,-47856,51134,-69.4,CPicoNanoTesla
2026-08-05 03:35:00,-0.341241,0.115416,-0.957138,-17062,5771,-47857,27.6,3.0,18012,161.3,-47857,51134,-69.4,CPicoNanoTesla
2026-08-05 03:36:00,-0.341281,0.115406,-0.957122,-17064,5770,-47856,27.6,3.0,18013,161.3,-47856,51134,-69.4,CPicoNanoTesla
2026-08-05 03:37:00,-0.341247,0.115425,-0.957159,-17062,5771,-47858,27.6,3.0,18012,161.3,-47858,51135,-69.4,CPicoNanoTesla
2026-08-05 03:38:00,-0.341247,0.115438,-0.957128,-17062,5772,-47856,27.5,3.0,18012,161.3,-47856,51134,-69.4,CPicoNanoTesla
2026-08-05 03:39:00,-0.341241,0.115444,-0.957134,-17062,5772,-47857,27.5,3.0,18012,161.3,-47857,51134,-69.4,CPicoNanoTesla
2026-08-05 03:40:00,-0.341256,0.115438,-0.957122,-17063,5772,-47856,27.5,3.0,18013,161.3,-47856,51134,-69.4,CPicoNanoTesla
2026-08-05 03:41:00,-0.341256,0.115447,-0.957138,-17063,5772,-47857,27.5,3.0,18013,161.3,-47857,51135,-69.4,CPicoNanoTesla
2026-08-05 03:42:00,-0.341241,0.115450,-0.957128,-17062,5772,-47856,27.5,3.0,18012,161.3,-47856,51134,-69.4,CPicoNanoTesla
2026-08-05 03:43:00,-0.341294,0.115453,-0.957072,-17065,5773,-47854,27.4,3.0,18015,161.3,-47854,51132,-69.4,CPicoNanoTesla
2026-08-05 03:44:00,-0.341241,0.115431,-0.957125,-17062,5772,-47856,27.4,3.0,18012,161.3,-47856,51134,-69.4,CPicoNanoTesla
2026-08-05 03:45:00,-0.341253,0.115413,-0.957119,-17063,5771,-47856,27.4,3.0,18012,161.3,-47856,51133,-69.4,CPicoNanoTesla
2026-08-05 03:46:00,-0.341203,0.115425,-0.957141,-17060,5771,-47857,27.4,3.0,18010,161.3,-47857,51134,-69.4,CPicoNanoTesla
2026-08-05 03:47:00,-0.341206,0.115422,-0.957156,-17060,5771,-47858,27.4,3.0,18010,161.3,-47858,51134,-69.4,CPicoNanoTesla
2026-08-05 03:48:00,-0.341272,0.115450,-0.957119,-17064,5772,-47856,27.4,3.0,18014,161.3,-47856,51134,-69.4,CPicoNanoTesla
2026-08-05 03:49:00,-0.341244,0.115403,-0.957125,-17062,5770,-47856,27.4,3.0,18011,161.3,-47856,51133,-69.4,CPicoNanoTesla
2026-08-05 03:50:00,-0.341172,0.115463,-0.957188,-17059,5773,-47859,27.4,3.0,18009,161.3,-47859,51136,-69.4,CPicoNanoTesla
2026-08-05 03:51:00,-0.341188,0.115472,-0.957153,-17059,5774,-47858,27.3,3.0,18010,161.3,-47858,51134,-69.4,CPicoNanoTesla
2026-08-05 03:52:00,-0.341184,0.115444,-0.957169,-17059,5772,-47858,27.3,3.0,18009,161.3,-47858,51135,-69.4,CPicoNanoTesla
2026-08-05 03:53:00,-0.341166,0.115434,-0.957188,-17058,5772,-47859,27.3,3.0,18008,161.3,-47859,51135,-69.4,CPicoNanoTesla
2026-08-05 03:54:00,-0.341156,0.115453,-0.957197,-17058,5773,-47860,27.3,3.0,18008,161.3,-47860,51136,-69.4,CPicoNanoTesla
2026-08-05 03:55:00,-0.341159,0.115453,-0.957222,-17058,5773,-47861,27.3,3.0,18008,161.3,-47861,51137,-69.4,CPicoNanoTesla
2026-08-05 03:56:00,-0.341209,0.115428,-0.957181,-17060,5771,-47859,27.3,3.0,18010,161.3,-47859,51136,-69.4,CPicoNanoTesla
2026-08-05 03:57:00,-0.341228,0.115431,-0.957169,-17061,5772,-47858,27.3,3.0,18011,161.3,-47858,51135,-69.4,CPicoNanoTesla
2026-08-05 03:58:00,-0.341216,0.115416,-0.957181,-17061,5771,-47859,27.3,3.0,18010,161.3,-47859,51136,-69.4,CPicoNanoTesla
2026-08-05 03:59:00,-0.341250,0.115438,-0.957172,-17062,5772,-47859,27.3,3.0,18012,161.3,-47859,51136,-69.4,CPicoNanoTesla
2026-08-05 04:00:00,-0.341266,0.115444,-0.957169,-17063,5772,-47858,27.3,0.0,18013,161.3,-47858,51136,-69.4,CPicoNanoTesla
2026-08-05 04:01:00,-0.341231,0.115403,-0.957206,-17062,5770,-47860,27.3,2.0,18011,161.3,-47860,51137,-69.4,CPicoNanoTesla
2026-08-05 04:02:00,-0.341228,0.115419,-0.957209,-17061,5771,-47860,27.3,2.0,18011,161.3,-47860,51137,-69.4,CPicoNanoTesla
2026-08-05 04:03:00,-0.341247,0.115400,-0.957209,-17062,5770,-47860,27.3,2.0,18012,161.3,-47860,51137,-69.4,CPicoNanoTesla
2026-08-05 04:04:00,-0.341244,0.115409,-0.957209,-17062,5770,-47860,27.3,2.0,18012,161.3,-47860,51137,-69.4,CPicoNanoTesla
2026-08-05 04:05:00,-0.341244,0.115403,-0.957191,-17062,5770,-47860,27.3,3.0,18011,161.3,-47860,51137,-69.4,CPicoNanoTesla
2026-08-05 04:06:00,-0.341253,0.115416,-0.957213,-17063,5771,-47861,27.3,3.0,18012,161.3,-47861,51138,-69.4,CPicoNanoTesla
2026-08-05 04:07:00,-0.341306,0.115431,-0.957194,-17065,5772,-47860,27.3,3.0,18015,161.3,-47860,51138,-69.4,CPicoNanoTesla
2026-08-05 04:08:00,-0.341262,0.115428,-0.957222,-17063,5771,-47861,27.3,3.0,18013,161.3,-47861,51138,-69.4,CPicoNanoTesla
2026-08-05 04:09:00,-0.341272,0.115441,-0.957213,-17064,5772,-47861,27.3,3.0,18013,161.3,-47861,51138,-69.4,CPicoNanoTesla
2026-08-05 04:10:00,-0.341275,0.115403,-0.957169,-17064,5770,-47858,27.3,3.0,18013,161.3,-47858,51136,-69.4,CPicoNanoTesla
2026-08-05 04:11:00,-0.341259,0.115397,-0.957209,-17063,5770,-47860,27.3,3.0,18012,161.3,-47860,51138,-69.4,CPicoNanoTesla
2026-08-05 04:12:00,-0.341269,0.115394,-0.957238,-17063,5770,-47862,27.3,3.0,18013,161.3,-47862,51139,-69.4,CPicoNanoTesla
2026-08-05 04:13:00,-0.341247,0.115394,-0.957238,-17062,5770,-47862,27.3,4.0,18011,161.3,-47862,51139,-69.4,CPicoNanoTesla
2026-08-05 04:14:00,-0.341259,0.115403,-0.957269,-17063,5770,-47863,27.3,4.0,18012,161.3,-47863,51140,-69.4,CPicoNanoTesla
2026-08-05 04:15:00,-0.341269,0.115384,-0.957256,-17063,5769,-47863,27.3,4.0,18012,161.3,-47863,51140,-69.4,CPicoNanoTesla
2026-08-05 04:16:00,-0.341284,0.115400,-0.957269,-17064,5770,-47863,27.3,4.0,18013,161.3,-47863,51141,-69.4,CPicoNanoTesla
2026-08-05 04:17:00,-0.341281,0.115394,-0.957284,-17064,5770,-47864,27.3,4.0,18013,161.3,-47864,51142,-69.4,CPicoNanoTesla
2026-08-05 04:18:00,-0.341269,0.115400,-0.957287,-17063,5770,-47864,27.3,4.0,18013,161.3,-47864,51141,-69.4,CPicoNanoTesla
2026-08-05 04:19:00,-0.341284,0.115416,-0.957269,-17064,5771,-47863,27.3,4.0,18014,161.3,-47863,51141,-69.4,CPicoNanoTesla
2026-08-05 04:20:00,-0.341269,0.115400,-0.957269,-17063,5770,-47863,27.3,4.0,18013,161.3,-47863,51141,-69.4,CPicoNanoTesla
2026-08-05 04:21:00,-0.341328,0.115431,-0.957256,-17066,5772,-47863,27.3,4.0,18016,161.3,-47863,51141,-69.4,CPicoNanoTesla
2026-08-05 04:22:00,-0.341209,0.115453,-0.957338,-17060,5773,-47867,27.3,4.0,18011,161.3,-47867,51143,-69.4,CPicoNanoTesla
2026-08-05 04:23:00,-0.341216,0.115444,-0.957316,-17061,5772,-47866,27.3,4.0,18011,161.3,-47866,51142,-69.4,CPicoNanoTesla
2026-08-05 04:24:00,-0.341219,0.115450,-0.957350,-17061,5772,-47868,27.3,4.0,18011,161.3,-47868,51144,-69.4,CPicoNanoTesla
2026-08-05 04:25:00,-0.341272,0.115428,-0.957312,-17064,5771,-47866,27.3,4.0,18013,161.3,-47866,51143,-69.4,CPicoNanoTesla
2026-08-05 04:26:00,-0.341250,0.115450,-0.957338,-17062,5772,-47867,27.3,4.0,18013,161.3,-47867,51144,-69.4,CPicoNanoTesla
2026-08-05 04:27:00,-0.341237,0.115453,-0.957328,-17062,5773,-47866,27.3,4.0,18012,161.3,-47866,51143,-69.4,CPicoNanoTesla
2026-08-05 04:28:00,-0.341234,0.115459,-0.957356,-17062,5773,-47868,27.3,4.0,18012,161.3,-47868,51144,-69.4,CPicoNanoTesla
2026-08-05 04:29:00,-0.341234,0.115434,-0.957344,-17062,5772,-47867,27.3,4.0,18012,161.3,-47867,51144,-69.4,CPicoNanoTesla
2026-08-05 04:30:00,-0.341247,0.115447,-0.957353,-17062,5772,-47868,27.3,4.0,18012,161.3,-47868,51144,-69.4,CPicoNanoTesla
2026-08-05 04:31:00,-0.341247,0.115441,-0.957356,-17062,5772,-47868,27.3,4.0,18012,161.3,-47868,51145,-69.4,CPicoNanoTesla
2026-08-05 04:32:00,-0.341281,0.115431,-0.957366,-17064,5772,-47868,27.3,4.0,18014,161.3,-47868,51146,-69.4,CPicoNanoTesla
2026-08-05 04:33:00,-0.341281,0.115428,-0.957375,-17064,5771,-47869,27.3,4.0,18014,161.3,-47869,51146,-69.4,CPicoNanoTesla
2026-08-05 04:34:00,-0.341234,0.115434,-0.957394,-17062,5772,-47870,27.4,4.0,18012,161.3,-47870,51146,-69.4,CPicoNanoTesla
2026-08-05 04:35:00,-0.341253,0.115422,-0.957394,-17063,5771,-47870,27.4,4.0,18012,161.3,-47870,51146,-69.4,CPicoNanoTesla
2026-08-05 04:36:00,-0.341269,0.115422,-0.957388,-17063,5771,-47869,27.3,4.0,18013,161.3,-47869,51146,-69.4,CPicoNanoTesla
2026-08-05 04:37:00,-0.341259,0.115419,-0.957406,-17063,5771,-47870,27.4,4.0,18012,161.3,-47870,51147,-69.4,CPicoNanoTesla
2026-08-05 04:38:00,-0.341269,0.115456,-0.957388,-17063,5773,-47869,27.4,4.0,18014,161.3,-47869,51146,-69.4,CPicoNanoTesla
2026-08-05 04:39:00,-0.341300,0.115444,-0.957391,-17065,5772,-47870,27.4,4.0,18015,161.3,-47870,51147,-69.4,CPicoNanoTesla
2026-08-05 04:40:00,-0.341344,0.115387,-0.957344,-17067,5769,-47867,27.4,4.0,18016,161.3,-47867,51145,-69.4,CPicoNanoTesla
2026-08-05 04:41:00,-0.341350,0.115400,-0.957353,-17068,5770,-47868,27.4,4.0,18016,161.3,-47868,51146,-69.4,CPicoNanoTesla
2026-08-05 04:42:00,-0.341353,0.115391,-0.957341,-17068,5770,-47867,27.4,4.0,18016,161.3,-47867,51145,-69.4,CPicoNanoTesla
2026-08-05 04:43:00,-0.341406,0.115391,-0.957319,-17070,5770,-47866,27.4,4.0,18019,161.3,-47866,51145,-69.4,CPicoNanoTesla
2026-08-05 04:44:00,-0.341381,0.115406,-0.957363,-17069,5770,-47868,27.4,4.0,18018,161.3,-47868,51147,-69.4,CPicoNanoTesla
2026-08-05 04:45:00,-0.341381,0.115384,-0.957363,-17069,5769,-47868,27.4,4.0,18018,161.3,-47868,51147,-69.4,CPicoNanoTesla
2026-08-05 04:46:00,-0.341366,0.115369,-0.957391,-17068,5768,-47870,27.4,4.0,18017,161.3,-47870,51148,-69.4,CPicoNanoTesla
2026-08-05 04:47:00,-0.341347,0.115400,-0.957356,-17067,5770,-47868,27.4,4.0,18016,161.3,-47868,51146,-69.4,CPicoNanoTesla
2026-08-05 04:48:00,-0.341363,0.115391,-0.957394,-17068,5770,-47870,27.4,4.0,18017,161.3,-47870,51148,-69.4,CPicoNanoTesla
2026-08-05 04:49:00,-0.341341,0.115375,-0.957394,-17067,5769,-47870,27.4,4.0,18016,161.3,-47870,51148,-69.4,CPicoNanoTesla
2026-08-05 04:50:00,-0.341372,0.115375,-0.957384,-17069,5769,-47869,27.4,4.0,18017,161.3,-47869,51148,-69.4,CPicoNanoTesla
2026-08-05 04:51:00,-0.341381,0.115353,-0.957419,-17069,5768,-47871,27.4,4.0,18017,161.3,-47871,51149,-69.4,CPicoNanoTesla
2026-08-05 04:52:00,-0.341400,0.115363,-0.957378,-17070,5768,-47869,27.3,4.0,18018,161.3,-47869,51148,-69.4,CPicoNanoTesla
2026-08-05 04:53:00,-0.341369,0.115347,-0.957384,-17068,5767,-47869,27.4,4.0,18016,161.3,-47869,51147,-69.4,CPicoNanoTesla
2026-08-05 04:54:00,-0.341406,0.115331,-0.957410,-17070,5767,-47870,27.4,4.0,18018,161.3,-47870,51149,-69.4,CPicoNanoTesla
2026-08-05 04:55:00,-0.341400,0.115334,-0.957406,-17070,5767,-47870,27.4,4.0,18018,161.3,-47870,51149,-69.4,CPicoNanoTesla
2026-08-05 04:56:00,-0.341384,0.115334,-0.957438,-17069,5767,-47872,27.4,4.0,18017,161.3,-47872,51150,-69.4,CPicoNanoTesla
2026-08-05 04:57:00,-0.341397,0.115338,-0.957428,-17070,5767,-47871,27.4,4.0,18018,161.3,-47871,51150,-69.4,CPicoNanoTesla
2026-08-05 04:58:00,-0.341400,0.115325,-0.957428,-17070,5766,-47871,27.4,4.0,18018,161.3,-47871,51150,-69.4,CPicoNanoTesla
2026-08-05 04:59:00,-0.341419,0.115334,-0.957425,-17071,5767,-47871,27.4,4.0,18019,161.3,-47871,51150,-69.4,CPicoNanoTesla
2026-08-05 05:00:00,-0.341422,0.115344,-0.957441,-17071,5767,-47872,27.4,1.0,18019,161.3,-47872,51151,-69.4,CPicoNanoTesla
2026-08-05 05:01:00,-0.341425,0.115347,-0.957438,-17071,5767,-47872,27.4,1.0,18019,161.3,-47872,51151,-69.4,CPicoNanoTesla
2026-08-05 05:02:00,-0.341456,0.115366,-0.957441,-17073,5768,-47872,27.4,1.0,18021,161.3,-47872,51152,-69.4,CPicoNanoTesla
2026-08-05 05:03:00,-0.341456,0.115363,-0.957459,-17073,5768,-47873,27.4,1.0,18021,161.3,-47873,51152,-69.4,CPicoNanoTesla
2026-08-05 05:04:00,-0.341456,0.115356,-0.957441,-17073,5768,-47872,27.4,1.0,18021,161.3,-47872,51152,-69.4,CPicoNanoTesla
2026-08-05 05:05:00,-0.341463,0.115409,-0.957484,-17073,5770,-47874,27.5,3.0,18022,161.3,-47874,51154,-69.4,CPicoNanoTesla
2026-08-05 05:06:00,-0.341481,0.115400,-0.957472,-17074,5770,-47874,27.5,3.0,18023,161.3,-47874,51154,-69.4,CPicoNanoTesla
2026-08-05 05:07:00,-0.341509,0.115378,-0.957475,-17075,5769,-47874,27.5,3.0,18024,161.3,-47874,51154,-69.4,CPicoNanoTesla
2026-08-05 05:08:00,-0.341491,0.115387,-0.957500,-17075,5769,-47875,27.5,3.0,18023,161.3,-47875,51155,-69.4,CPicoNanoTesla
2026-08-05 05:09:00,-0.341506,0.115391,-0.957481,-17075,5770,-47874,27.5,3.0,18024,161.3,-47874,51154,-69.4,CPicoNanoTesla
2026-08-05 05:10:00,-0.341472,0.115422,-0.957519,-17074,5771,-47876,27.5,3.0,18023,161.3,-47876,51156,-69.4,CPicoNanoTesla
2026-08-05 05:11:00,-0.341494,0.115419,-0.957513,-17075,5771,-47876,27.5,3.0,18024,161.3,-47876,51156,-69.4,CPicoNanoTesla
2026-08-05 05:12:00,-0.341522,0.115428,-0.957466,-17076,5771,-47873,27.5,4.0,18025,161.3,-47873,51154,-69.4,CPicoNanoTesla
2026-08-05 05:13:00,-0.341450,0.115409,-0.957534,-17072,5770,-47877,27.5,5.0,18021,161.3,-47877,51156,-69.4,CPicoNanoTesla
2026-08-05 05:14:00,-0.341466,0.115409,-0.957513,-17073,5770,-47876,27.5,5.0,18022,161.3,-47876,51155,-69.4,CPicoNanoTesla
2026-08-05 05:15:00,-0.341450,0.115366,-0.957513,-17072,5768,-47876,27.5,5.0,18021,161.3,-47876,51155,-69.4,CPicoNanoTesla
2026-08-05 05:16:00,-0.341453,0.115381,-0.957525,-17073,5769,-47876,27.5,5.0,18021,161.3,-47876,51156,-69.4,CPicoNanoTesla
2026-08-05 05:17:00,-0.341469,0.115384,-0.957563,-17073,5769,-47878,27.5,5.0,18022,161.3,-47878,51158,-69.4,CPicoNanoTesla
2026-08-05 05:18:00,-0.341466,0.115400,-0.957600,-17073,5770,-47880,27.5,5.0,18022,161.3,-47880,51159,-69.4,CPicoNanoTesla
2026-08-05 05:19:00,-0.341491,0.115375,-0.957563,-17075,5769,-47878,27.5,5.0,18023,161.3,-47878,51158,-69.4,CPicoNanoTesla
2026-08-05 05:20:00,-0.341481,0.115394,-0.957591,-17074,5770,-47880,27.5,5.0,18023,161.3,-47880,51159,-69.4,CPicoNanoTesla
2026-08-05 05:21:00,-0.341497,0.115375,-0.957572,-17075,5769,-47879,27.5,5.0,18023,161.3,-47879,51158,-69.4,CPicoNanoTesla
2026-08-05 05:22:00,-0.341506,0.115384,-0.957544,-17075,5769,-47877,27.6,5.0,18024,161.3,-47877,51157,-69.4,CPicoNanoTesla
2026-08-05 05:23:00,-0.341500,0.115394,-0.957513,-17075,5770,-47876,27.6,5.0,18023,161.3,-47876,51156,-69.4,CPicoNanoTesla
2026-08-05 05:24:00,-0.341513,0.115381,-0.957575,-17076,5769,-47879,27.6,5.0,18024,161.3,-47879,51159,-69.4,CPicoNanoTesla
2026-08-05 05:25:00,-0.341522,0.115394,-0.957550,-17076,5770,-47878,27.6,5.0,18024,161.3,-47878,51158,-69.4,CPicoNanoTesla
2026-08-05 05:26:00,-0.341500,0.115391,-0.957581,-17075,5770,-47879,27.6,5.0,18023,161.3,-47879,51159,-69.4,CPicoNanoTesla
2026-08-05 05:27:00,-0.341506,0.115431,-0.957594,-17075,5772,-47880,27.6,5.0,18024,161.3,-47880,51160,-69.4,CPicoNanoTesla
2026-08-05 05:28:00,-0.341516,0.115403,-0.957588,-17076,5770,-47879,27.6,5.0,18024,161.3,-47879,51160,-69.4,CPicoNanoTesla
2026-08-05 05:29:00,-0.341491,0.115412,-0.957584,-17075,5771,-47879,27.6,5.0,18023,161.3,-47879,51159,-69.4,CPicoNanoTesla
2026-08-05 05:30:00,-0.341538,0.115353,-0.957581,-17077,5768,-47879,27.6,5.0,18025,161.3,-47879,51159,-69.4,CPicoNanoTesla
2026-08-05 05:31:00,-0.341500,0.115400,-0.957619,-17075,5770,-47881,27.6,5.0,18024,161.3,-47881,51161,-69.4,CPicoNanoTesla
2026-08-05 05:32:00,-0.341550,0.115391,-0.957625,-17078,5770,-47881,27.6,5.0,18026,161.3,-47881,51162,-69.4,CPicoNanoTesla
2026-08-05 05:33:00,-0.341538,0.115350,-0.957606,-17077,5768,-47880,27.6,5.0,18025,161.3,-47880,51161,-69.4,CPicoNanoTesla
2026-08-05 05:34:00,-0.341534,0.115347,-0.957641,-17077,5767,-47882,27.6,5.0,18024,161.3,-47882,51162,-69.4,CPicoNanoTesla
2026-08-05 05:35:00,-0.341534,0.115344,-0.957625,-17077,5767,-47881,27.7,5.0,18024,161.3,-47881,51161,-69.4,CPicoNanoTesla
2026-08-05 05:36:00,-0.341578,0.115347,-0.957653,-17079,5767,-47883,27.7,5.0,18026,161.3,-47883,51163,-69.4,CPicoNanoTesla
2026-08-05 05:37:00,-0.341569,0.115344,-0.957647,-17078,5767,-47882,27.7,5.0,18026,161.3,-47882,51163,-69.4,CPicoNanoTesla
2026-08-05 05:38:00,-0.341563,0.115334,-0.957638,-17078,5767,-47882,27.7,5.0,18025,161.3,-47882,51162,-69.4,CPicoNanoTesla
2026-08-05 05:39:00,-0.341581,0.115319,-0.957659,-17079,5766,-47883,27.7,5.0,18026,161.3,-47883,51164,-69.4,CPicoNanoTesla
2026-08-05 05:40:00,-0.341606,0.115328,-0.957597,-17080,5766,-47880,27.7,5.0,18027,161.3,-47880,51161,-69.4,CPicoNanoTesla
2026-08-05 05:41:00,-0.341591,0.115319,-0.957675,-17080,5766,-47884,27.7,5.0,18027,161.3,-47884,51165,-69.4,CPicoNanoTesla
2026-08-05 05:42:00,-0.341584,0.115309,-0.957666,-17079,5765,-47883,27.7,5.0,18026,161.3,-47883,51164,-69.4,CPicoNanoTesla
2026-08-05 05:43:00,-0.341609,0.115284,-0.957663,-17080,5764,-47883,27.7,5.0,18027,161.4,-47883,51164,-69.4,CPicoNanoTesla
2026-08-05 05:44:00,-0.341609,0.115294,-0.957672,-17080,5765,-47884,27.7,5.0,18027,161.4,-47884,51165,-69.4,CPicoNanoTesla
2026-08-05 05:45:00,-0.341616,0.115278,-0.957647,-17081,5764,-47882,27.7,5.0,18027,161.4,-47882,51163,-69.4,CPicoNanoTesla
2026-08-05 05:46:00,-0.341609,0.115281,-0.957547,-17080,5764,-47877,27.7,5.0,18027,161.4,-47877,51159,-69.4,CPicoNanoTesla
2026-08-05 05:47:00,-0.341609,0.115297,-0.957578,-17080,5765,-47879,27.8,5.0,18027,161.3,-47879,51160,-69.4,CPicoNanoTesla
2026-08-05 05:48:00,-0.341619,0.115328,-0.957613,-17081,5766,-47881,27.8,5.0,18028,161.3,-47881,51162,-69.4,CPicoNanoTesla
2026-08-05 05:49:00,-0.341628,0.115313,-0.957578,-17081,5766,-47879,27.8,5.0,18028,161.3,-47879,51161,-69.4,CPicoNanoTesla
2026-08-05 05:50:00,-0.341616,0.115322,-0.957619,-17081,5766,-47881,27.8,5.0,18028,161.3,-47881,51162,-69.4,CPicoNanoTesla
2026-08-05 05:51:00,-0.341619,0.115313,-0.957734,-17081,5766,-47887,27.8,5.0,18028,161.3,-47887,51168,-69.4,CPicoNanoTesla
2026-08-05 05:52:00,-0.341628,0.115291,-0.957731,-17081,5765,-47887,27.8,5.0,18028,161.4,-47887,51168,-69.4,CPicoNanoTesla
2026-08-05 05:53:00,-0.341634,0.115288,-0.957709,-17082,5764,-47885,27.8,5.0,18028,161.4,-47885,51167,-69.4,CPicoNanoTesla
2026-08-05 05:54:00,-0.341616,0.115263,-0.957700,-17081,5763,-47885,27.8,5.0,18027,161.4,-47885,51166,-69.4,CPicoNanoTesla
2026-08-05 05:55:00,-0.341609,0.115269,-0.957716,-17080,5763,-47886,27.8,5.0,18027,161.4,-47886,51166,-69.4,CPicoNanoTesla
2026-08-05 05:56:00,-0.341628,0.115269,-0.957738,-17081,5763,-47887,27.8,5.0,18028,161.4,-47887,51168,-69.4,CPicoNanoTesla
2026-08-05 05:57:00,-0.341625,0.115284,-0.957741,-17081,5764,-47887,27.8,5.0,18028,161.4,-47887,51168,-69.4,CPicoNanoTesla
2026-08-05 05:58:00,-0.341634,0.115316,-0.957747,-17082,5766,-47887,27.9,5.0,18029,161.3,-47887,51169,-69.4,CPicoNanoTesla
2026-08-05 05:59:00,-0.341650,0.115291,-0.957769,-17082,5765,-47888,27.9,5.0,18029,161.4,-47888,51170,-69.4,CPicoNanoTesla
2026-08-05 06:00:00,-0.341625,0.115275,-0.957772,-17081,5764,-47889,27.9,0.0,18027,161.4,-47889,51169,-69.4,CPicoNanoTesla
2026-08-05 06:01:00,-0.341641,0.115297,-0.957825,-17082,5765,-47891,27.9,2.0,18029,161.4,-47891,51172,-69.4,CPicoNanoTesla
2026-08-05 06:02:00,-0.341634,0.115306,-0.957803,-17082,5765,-47890,27.9,2.0,18028,161.3,-47890,51171,-69.4,CPicoNanoTesla
2026-08-05 06:03:00,-0.341644,0.115306,-0.957800,-17082,5765,-47890,28.0,2.0,18029,161.4,-47890,51171,-69.4,CPicoNanoTesla
2026-08-05 06:04:00,-0.341644,0.115288,-0.957769,-17082,5764,-47888,28.0,2.0,18029,161.4,-47888,51170,-69.4,CPicoNanoTesla
2026-08-05 06:05:00,-0.341666,0.115319,-0.957803,-17083,5766,-47890,28.0,2.0,18030,161.3,-47890,51172,-69.4,CPicoNanoTesla
2026-08-05 06:06:00,-0.341631,0.115297,-0.957791,-17082,5765,-47890,28.0,3.0,18028,161.4,-47890,51171,-69.4,CPicoNanoTesla
2026-08-05 06:07:00,-0.341644,0.115266,-0.957784,-17082,5763,-47889,28.0,3.0,18028,161.4,-47889,51170,-69.4,CPicoNanoTesla
2026-08-05 06:08:00,-0.341628,0.115269,-0.957847,-17081,5763,-47892,28.0,3.0,18028,161.4,-47892,51173,-69.4,CPicoNanoTesla
2026-08-05 06:09:00,-0.341619,0.115222,-0.957816,-17081,5761,-47891,28.0,3.0,18026,161.4,-47891,51171,-69.4,CPicoNanoTesla
2026-08-05 06:10:00,-0.341616,0.115219,-0.957809,-17081,5761,-47890,28.0,3.0,18026,161.4,-47890,51171,-69.4,CPicoNanoTesla
2026-08-05 06:11:00,-0.341619,0.115216,-0.957647,-17081,5761,-47882,28.0,3.0,18026,161.4,-47882,51163,-69.4,CPicoNanoTesla
2026-08-05 06:12:00,-0.341653,0.115316,-0.957744,-17083,5766,-47887,28.0,5.0,18029,161.3,-47887,51169,-69.4,CPicoNanoTesla
2026-08-05 06:13:00,-0.341616,0.115269,-0.957766,-17081,5763,-47888,28.0,5.0,18027,161.4,-47888,51169,-69.4,CPicoNanoTesla
2026-08-05 06:14:00,-0.341591,0.115247,-0.957831,-17080,5762,-47892,28.1,5.0,18025,161.4,-47892,51171,-69.4,CPicoNanoTesla
2026-08-05 06:15:00,-0.341600,0.115244,-0.957853,-17080,5762,-47893,28.1,5.0,18026,161.4,-47893,51173,-69.4,CPicoNanoTesla
2026-08-05 06:16:00,-0.341603,0.115259,-0.957850,-17080,5763,-47892,28.1,5.0,18026,161.4,-47892,51173,-69.4,CPicoNanoTesla
2026-08-05 06:17:00,-0.341603,0.115269,-0.957850,-17080,5763,-47892,28.1,5.0,18026,161.4,-47892,51173,-69.4,CPicoNanoTesla
2026-08-05 06:18:00,-0.341631,0.115294,-0.957863,-17082,5765,-47893,28.1,5.0,18028,161.4,-47893,51174,-69.4,CPicoNanoTesla
2026-08-05 06:19:00,-0.341603,0.115281,-0.957881,-17080,5764,-47894,28.1,5.0,18027,161.4,-47894,51174,-69.4,CPicoNanoTesla
2026-08-05 06:20:00,-0.341584,0.115297,-0.957847,-17079,5765,-47892,28.1,5.0,18026,161.3,-47892,51172,-69.4,CPicoNanoTesla
2026-08-05 06:21:00,-0.341581,0.115353,-0.957819,-17079,5768,-47891,28.1,5.0,18027,161.3,-47891,51171,-69.4,CPicoNanoTesla
2026-08-05 06:22:00,-0.341628,0.115325,-0.957750,-17081,5766,-47888,28.1,5.0,18028,161.3,-47888,51169,-69.4,CPicoNanoTesla
2026-08-05 06:23:00,-0.341591,0.115297,-0.957875,-17080,5765,-47894,28.1,5.0,18026,161.3,-47894,51174,-69.4,CPicoNanoTesla
2026-08-05 06:24:00,-0.341597,0.115297,-0.957809,-17080,5765,-47890,28.1,5.0,18026,161.3,-47890,51171,-69.4,CPicoNanoTesla
2026-08-05 06:25:00,-0.341591,0.115328,-0.957741,-17080,5766,-47887,28.1,5.0,18027,161.3,-47887,51168,-69.4,CPicoNanoTesla
2026-08-05 06:26:00,-0.341613,0.115291,-0.957794,-17081,5765,-47890,28.1,5.0,18027,161.4,-47890,51170,-69.4,CPicoNanoTesla
2026-08-05 06:27:00,-0.341625,0.115291,-0.957863,-17081,5765,-47893,28.1,5.0,18028,161.4,-47893,51174,-69.4,CPicoNanoTesla
2026-08-05 06:28:00,-0.341628,0.115334,-0.957837,-17081,5767,-47892,28.1,5.0,18029,161.3,-47892,51173,-69.4,CPicoNanoTesla
2026-08-05 06:29:00,-0.341572,0.115322,-0.957922,-17079,5766,-47896,28.2,5.0,18026,161.3,-47896,51176,-69.4,CPicoNanoTesla
2026-08-05 06:30:00,-0.341600,0.115300,-0.957906,-17080,5765,-47895,28.2,5.0,18027,161.3,-47895,51175,-69.4,CPicoNanoTesla
2026-08-05 06:31:00,-0.341509,0.115347,-0.957894,-17075,5767,-47895,28.2,9.0,18023,161.3,-47895,51174,-69.4,CPicoNanoTesla
2026-08-05 06:32:00,-0.341475,0.115356,-0.957956,-17074,5768,-47898,28.2,9.0,18022,161.3,-47898,51176,-69.4,CPicoNanoTesla
2026-08-05 06:33:00,-0.341469,0.115394,-0.957953,-17073,5770,-47898,28.2,9.0,18022,161.3,-47898,51176,-69.4,CPicoNanoTesla
2026-08-05 06:34:00,-0.341487,0.115375,-0.957950,-17074,5769,-47898,28.2,9.0,18023,161.3,-47898,51176,-69.4,CPicoNanoTesla
2026-08-05 06:35:00,-0.341478,0.115366,-0.957938,-17074,5768,-47897,28.2,9.0,18022,161.3,-47897,51175,-69.4,CPicoNanoTesla
2026-08-05 06:36:00,-0.341491,0.115378,-0.957953,-17075,5769,-47898,28.2,9.0,18023,161.3,-47898,51176,-69.4,CPicoNanoTesla
2026-08-05 06:37:00,-0.341544,0.115378,-0.957916,-17077,5769,-47896,28.2,9.0,18025,161.3,-47896,51175,-69.4,CPicoNanoTesla
2026-08-05 06:38:00,-0.341569,0.115356,-0.957834,-17078,5768,-47892,28.2,9.0,18026,161.3,-47892,51172,-69.4,CPicoNanoTesla
2026-08-05 06:39:00,-0.341503,0.115347,-0.957903,-17075,5767,-47895,28.2,9.0,18023,161.3,-47895,51174,-69.4,CPicoNanoTesla
2026-08-05 06:40:00,-0.341578,0.115319,-0.957872,-17079,5766,-47894,28.2,9.0,18026,161.3,-47894,51174,-69.4,CPicoNanoTesla
2026-08-05 06:41:00,-0.341553,0.115253,-0.957863,-17078,5763,-47893,28.2,9.0,18024,161.4,-47893,51172,-69.4,CPicoNanoTesla
2026-08-05 06:42:00,-0.341541,0.115338,-0.957863,-17077,5767,-47893,28.2,9.0,18024,161.3,-47893,51173,-69.4,CPicoNanoTesla
2026-08-05 06:43:00,-0.341688,0.115359,-0.957906,-17084,5768,-47895,28.3,9.0,18032,161.3,-47895,51177,-69.4,CPicoNanoTesla
2026-08-05 06:44:00,-0.341500,0.115213,-0.957919,-17075,5761,-47896,28.3,9.0,18021,161.4,-47896,51174,-69.4,CPicoNanoTesla
2026-08-05 06:45:00,-0.341538,0.115334,-0.957856,-17077,5767,-47893,28.3,9.0,18024,161.3,-47893,51172,-69.4,CPicoNanoTesla
2026-08-05 06:46:00,-0.341559,0.115256,-0.957900,-17078,5763,-47895,28.3,9.0,18024,161.4,-47895,51174,-69.4,CPicoNanoTesla
2026-08-05 06:47:00,-0.341556,0.115284,-0.957903,-17078,5764,-47895,28.3,9.0,18024,161.3,-47895,51174,-69.4,CPicoNanoTesla
2026-08-05 06:48:00,-0.341637,0.115300,-0.957878,-17082,5765,-47894,28.4,9.0,18028,161.4,-47894,51175,-69.4,CPicoNanoTesla
2026-08-05 06:49:00,-0.341616,0.115303,-0.957881,-17081,5765,-47894,28.4,9.0,18027,161.3,-47894,51175,-69.4,CPicoNanoTesla
2026-08-05 06:50:00,-0.341584,0.115278,-0.957931,-17079,5764,-47897,28.4,9.0,18026,161.4,-47897,51176,-69.4,CPicoNanoTesla
2026-08-05 06:51:00,-0.341547,0.115350,-0.957956,-17077,5768,-47898,28.4,9.0,18025,161.3,-47898,51177,-69.4,CPicoNanoTesla
2026-08-05 06:52:00,-0.341597,0.115275,-0.957938,-17080,5764,-47897,28.4,9.0,18026,161.4,-47897,51177,-69.4,CPicoNanoTesla
2026-08-05 06:53:00,-0.341516,0.115347,-0.957963,-17076,5767,-47898,28.5,9.0,18023,161.3,-47898,51177,-69.4,CPicoNanoTesla
2026-08-05 06:54:00,-0.341559,0.115338,-0.957963,-17078,5767,-47898,28.5,9.0,18025,161.3,-47898,51178,-69.4,CPicoNanoTesla
2026-08-05 06:55:00,-0.341628,0.115222,-0.957788,-17081,5761,-47889,28.5,9.0,18027,161.4,-47889,51170,-69.4,CPicoNanoTesla
2026-08-05 06:56:00,-0.341572,0.115288,-0.957941,-17079,5764,-47897,28.5,9.0,18025,161.3,-47897,51176,-69.4,CPicoNanoTesla
2026-08-05 06:57:00,-0.341578,0.115272,-0.958003,-17079,5764,-47900,28.5,9.0,18025,161.4,-47900,51179,-69.4,CPicoNanoTesla
2026-08-05 06:58:00,-0.341584,0.115303,-0.958059,-17079,5765,-47903,28.6,9.0,18026,161.3,-47903,51182,-69.4,CPicoNanoTesla
2026-08-05 06:59:00,-0.341578,0.115288,-0.958088,-17079,5764,-47904,28.6,9.0,18025,161.3,-47904,51183,-69.4,CPicoNanoTesla
2026-08-05 07:00:00,-0.341566,0.115316,-0.958047,-17078,5766,-47902,28.6,2.0,18025,161.3,-47902,51182,-69.4,CPicoNanoTesla
2026-08-05 07:01:00,-0.341588,0.115256,-0.958044,-17079,5763,-47902,28.6,2.0,18025,161.4,-47902,51181,-69.4,CPicoNanoTesla
2026-08-05 07:02:00,-0.341572,0.115303,-0.958081,-17079,5765,-47904,28.6,3.0,18025,161.3,-47904,51183,-69.4,CPicoNanoTesla
2026-08-05 07:03:00,-0.341563,0.115291,-0.958047,-17078,5765,-47902,28.6,3.0,18025,161.3,-47902,51181,-69.4,CPicoNanoTesla
2026-08-05 07:04:00,-0.341569,0.115428,-0.957975,-17078,5771,-47899,28.7,3.0,18027,161.3,-47899,51179,-69.4,CPicoNanoTesla
2026-08-05 07:05:00,-0.341550,0.115338,-0.958044,-17078,5767,-47902,28.7,9.0,18025,161.3,-47902,51181,-69.4,CPicoNanoTesla
2026-08-05 07:06:00,-0.341550,0.115309,-0.958125,-17078,5765,-47906,28.7,9.0,18024,161.3,-47906,51185,-69.4,CPicoNanoTesla
2026-08-05 07:07:00,-0.341531,0.115331,-0.958141,-17077,5767,-47907,28.7,9.0,18024,161.3,-47907,51185,-69.4,CPicoNanoTesla
2026-08-05 07:08:00,-0.341534,0.115378,-0.958066,-17077,5769,-47903,28.7,9.0,18025,161.3,-47903,51182,-69.4,CPicoNanoTesla
2026-08-05 07:09:00,-0.341538,0.115297,-0.958106,-17077,5765,-47905,28.8,9.0,18024,161.3,-47905,51184,-69.4,CPicoNanoTesla
2026-08-05 07:10:00,-0.341550,0.115297,-0.958103,-17078,5765,-47905,28.8,9.0,18024,161.3,-47905,51184,-69.4,CPicoNanoTesla
2026-08-05 07:11:00,-0.341569,0.115294,-0.958094,-17078,5765,-47905,28.8,9.0,18025,161.3,-47905,51184,-69.4,CPicoNanoTesla
2026-08-05 07:12:00,-0.341553,0.115297,-0.958134,-17078,5765,-47907,28.8,9.0,18024,161.3,-47907,51185,-69.4,CPicoNanoTesla
2026-08-05 07:13:00,-0.341591,0.115272,-0.958088,-17080,5764,-47904,28.8,9.0,18026,161.4,-47904,51184,-69.4,CPicoNanoTesla
2026-08-05 07:14:00,-0.341563,0.115253,-0.958091,-17078,5763,-47905,28.9,9.0,18024,161.4,-47905,51183,-69.4,CPicoNanoTesla
2026-08-05 07:15:00,-0.341606,0.115272,-0.958078,-17080,5764,-47904,28.9,9.0,18027,161.4,-47904,51183,-69.4,CPicoNanoTesla
2026-08-05 07:16:00,-0.341578,0.115247,-0.958084,-17079,5762,-47904,28.9,9.0,18025,161.4,-47904,51183,-69.4,CPicoNanoTesla
2026-08-05 07:17:00,-0.341575,0.115269,-0.958166,-17079,5763,-47908,28.9,9.0,18025,161.4,-47908,51187,-69.4,CPicoNanoTesla
2026-08-05 07:18:00,-0.341563,0.115244,-0.958166,-17078,5762,-47908,29.0,9.0,18024,161.4,-47908,51187,-69.4,CPicoNanoTesla
2026-08-05 07:19:00,-0.341581,0.115266,-0.958144,-17079,5763,-47907,29.0,9.0,18025,161.4,-47907,51186,-69.4,CPicoNanoTesla
2026-08-05 07:20:00,-0.341556,0.115247,-0.958144,-17078,5762,-47907,29.0,9.0,18024,161.4,-47907,51185,-69.4,CPicoNanoTesla
2026-08-05 07:21:00,-0.341538,0.115275,-0.958162,-17077,5764,-47908,29.0,9.0,18023,161.3,-47908,51186,-69.4,CPicoNanoTesla
2026-08-05 07:22:00,-0.341544,0.115291,-0.958169,-17077,5765,-47908,29.0,9.0,18024,161.3,-47908,51187,-69.4,CPicoNanoTesla
2026-08-05 07:23:00,-0.341547,0.115306,-0.958141,-17077,5765,-47907,29.0,9.0,18024,161.3,-47907,51186,-69.4,CPicoNanoTesla
2026-08-05 07:24:00,-0.341525,0.115269,-0.958178,-17076,5763,-47909,29.1,9.0,18023,161.3,-47909,51187,-69.4,CPicoNanoTesla
2026-08-05 07:25:00,-0.341566,0.115322,-0.958119,-17078,5766,-47906,29.1,9.0,18025,161.3,-47906,51185,-69.4,CPicoNanoTesla
2026-08-05 07:26:00,-0.341559,0.115256,-0.958063,-17078,5763,-47903,29.1,9.0,18024,161.4,-47903,51182,-69.4,CPicoNanoTesla
2026-08-05 07:27:00,-0.341575,0.115269,-0.958028,-17079,5763,-47901,29.1,9.0,18025,161.4,-47901,51181,-69.4,CPicoNanoTesla
2026-08-05 07:28:00,-0.341569,0.115291,-0.957981,-17078,5765,-47899,29.1,9.0,18025,161.3,-47899,51178,-69.4,CPicoNanoTesla
2026-08-05 07:29:00,-0.341600,0.115222,-0.958028,-17080,5761,-47901,29.1,9.0,18025,161.4,-47901,51181,-69.4,CPicoNanoTesla
2026-08-05 07:30:00,-0.341597,0.115272,-0.958144,-17080,5764,-47907,29.2,9.0,18026,161.4,-47907,51186,-69.4,CPicoNanoTesla
2026-08-05 07:31:00,-0.341609,0.115247,-0.958131,-17080,5762,-47907,29.2,9.0,18026,161.4,-47907,51186,-69.4,CPicoNanoTesla
2026-08-05 07:32:00,-0.341625,0.115259,-0.958028,-17081,5763,-47901,29.2,9.0,18027,161.4,-47901,51181,-69.4,CPicoNanoTesla
2026-08-05 07:33:00,-0.341572,0.115234,-0.958134,-17079,5762,-47907,29.2,9.0,18024,161.4,-47907,51185,-69.4,CPicoNanoTesla
2026-08-05 07:34:00,-0.341553,0.115166,-0.958106,-17078,5758,-47905,29.2,9.0,18022,161.4,-47905,51183,-69.4,CPicoNanoTesla
2026-08-05 07:35:00,-0.341563,0.115247,-0.958097,-17078,5762,-47905,29.2,9.0,18024,161.4,-47905,51183,-69.4,CPicoNanoTesla
2026-08-05 07:36:00,-0.341547,0.115213,-0.958097,-17077,5761,-47905,29.2,9.0,18023,161.4,-47905,51183,-69.4,CPicoNanoTesla
2026-08-05 07:37:00,-0.341613,0.115225,-0.957975,-17081,5761,-47899,29.3,9.0,18026,161.4,-47899,51178,-69.4,CPicoNanoTesla
2026-08-05 07:38:00,-0.341547,0.115166,-0.958084,-17077,5758,-47904,29.3,9.0,18022,161.4,-47904,51182,-69.4,CPicoNanoTesla
2026-08-05 07:39:00,-0.341572,0.115203,-0.958091,-17079,5760,-47905,29.3,9.0,18024,161.4,-47905,51183,-69.4,CPicoNanoTesla
2026-08-05 07:40:00,-0.341569,0.115213,-0.958131,-17078,5761,-47907,29.3,9.0,18024,161.4,-47907,51185,-69.4,CPicoNanoTesla
2026-08-05 07:41:00,-0.341584,0.115219,-0.958191,-17079,5761,-47910,29.3,9.0,18025,161.4,-47910,51188,-69.4,CPicoNanoTesla
2026-08-05 07:42:00,-0.341553,0.115169,-0.958169,-17078,5758,-47908,29.3,9.0,18022,161.4,-47908,51186,-69.4,CPicoNanoTesla
2026-08-05 07:43:00,-0.341584,0.115244,-0.958150,-17079,5762,-47908,29.3,9.0,18025,161.4,-47908,51186,-69.4,CPicoNanoTesla
2026-08-05 07:44:00,-0.341591,0.115166,-0.958175,-17080,5758,-47909,29.4,9.0,18024,161.4,-47909,51187,-69.4,CPicoNanoTesla
2026-08-05 07:45:00,-0.341609,0.115203,-0.958116,-17080,5760,-47906,29.4,9.0,18026,161.4,-47906,51185,-69.4,CPicoNanoTesla
2026-08-05 07:46:00,-0.341594,0.115134,-0.958169,-17080,5757,-47908,29.4,9.0,18024,161.4,-47908,51187,-69.4,CPicoNanoTesla
2026-08-05 07:47:00,-0.341578,0.115150,-0.958184,-17079,5758,-47909,29.4,9.0,18023,161.4,-47909,51187,-69.4,CPicoNanoTesla
2026-08-05 07:48:00,-0.341603,0.115156,-0.958175,-17080,5758,-47909,29.4,9.0,18025,161.4,-47909,51187,-69.4,CPicoNanoTesla
2026-08-05 07:49:00,-0.341588,0.115194,-0.958163,-17079,5760,-47908,29.4,9.0,18024,161.4,-47908,51187,-69.4,CPicoNanoTesla
2026-08-05 07:50:00,-0.341603,0.115175,-0.958147,-17080,5759,-47907,29.4,9.0,18025,161.4,-47907,51186,-69.4,CPicoNanoTesla
2026-08-05 07:51:00,-0.341569,0.115181,-0.958219,-17078,5759,-47911,29.4,9.0,18023,161.4,-47911,51189,-69.4,CPicoNanoTesla
2026-08-05 07:52:00,-0.341594,0.115203,-0.958134,-17080,5760,-47907,29.5,9.0,18025,161.4,-47907,51185,-69.4,CPicoNanoTesla
2026-08-05 07:53:00,-0.341553,0.115181,-0.958159,-17078,5759,-47908,29.5,9.0,18023,161.4,-47908,51186,-69.4,CPicoNanoTesla
2026-08-05 07:54:00,-0.341550,0.115178,-0.958209,-17078,5759,-47910,29.5,9.0,18022,161.4,-47910,51188,-69.4,CPicoNanoTesla
2026-08-05 07:55:00,-0.341569,0.115150,-0.958241,-17078,5758,-47912,29.5,9.0,18023,161.4,-47912,51190,-69.4,CPicoNanoTesla
2026-08-05 07:56:00,-0.341581,0.115191,-0.958116,-17079,5760,-47906,29.5,9.0,18024,161.4,-47906,51184,-69.4,CPicoNanoTesla
2026-08-05 07:57:00,-0.341487,0.115081,-0.958078,-17074,5754,-47904,29.5,9.0,18018,161.4,-47904,51180,-69.4,CPicoNanoTesla
2026-08-05 07:58:00,-0.341531,0.115256,-0.958169,-17077,5763,-47908,29.6,9.0,18023,161.4,-47908,51186,-69.4,CPicoNanoTesla
2026-08-05 07:59:00,-0.341497,0.115200,-0.958213,-17075,5760,-47911,29.6,9.0,18020,161.4,-47911,51187,-69.4,CPicoNanoTesla
2026-08-05 08:00:00,-0.341531,0.115244,-0.958156,-17077,5762,-47908,29.6,1.0,18023,161.4,-47908,51186,-69.4,CPicoNanoTesla
2026-08-05 08:01:00,-0.341475,0.115197,-0.958213,-17074,5760,-47911,29.6,9.0,18019,161.4,-47911,51187,-69.4,CPicoNanoTesla
2026-08-05 08:02:00,-0.341484,0.115191,-0.958197,-17074,5760,-47910,29.7,9.0,18019,161.4,-47910,51186,-69.4,CPicoNanoTesla
2026-08-05 08:03:00,-0.341581,0.115191,-0.958263,-17079,5760,-47913,29.7,9.0,18024,161.4,-47913,51191,-69.4,CPicoNanoTesla
2026-08-05 08:04:00,-0.341572,0.115172,-0.958234,-17079,5759,-47912,29.7,9.0,18023,161.4,-47912,51190,-69.4,CPicoNanoTesla
2026-08-05 08:05:00,-0.341575,0.115203,-0.958228,-17079,5760,-47911,29.8,9.0,18024,161.4,-47911,51190,-69.4,CPicoNanoTesla
2026-08-05 08:06:00,-0.341575,0.115197,-0.958247,-17079,5760,-47912,29.8,9.0,18024,161.4,-47912,51190,-69.4,CPicoNanoTesla
2026-08-05 08:07:00,-0.341569,0.115200,-0.958241,-17078,5760,-47912,29.8,9.0,18024,161.4,-47912,51190,-69.4,CPicoNanoTesla
2026-08-05 08:08:00,-0.341566,0.115172,-0.958253,-17078,5759,-47913,29.9,9.0,18023,161.4,-47913,51190,-69.4,CPicoNanoTesla
2026-08-05 08:09:00,-0.341519,0.115163,-0.958156,-17076,5758,-47908,29.9,9.0,18021,161.4,-47908,51185,-69.4,CPicoNanoTesla
2026-08-05 08:10:00,-0.341606,0.115197,-0.958122,-17080,5760,-47906,29.9,9.0,18025,161.4,-47906,51185,-69.4,CPicoNanoTesla
2026-08-05 08:11:00,-0.341569,0.115163,-0.958122,-17078,5758,-47906,30.0,9.0,18023,161.4,-47906,51184,-69.4,CPicoNanoTesla
2026-08-05 08:12:00,-0.341538,0.115219,-0.958306,-17077,5761,-47915,30.0,9.0,18022,161.4,-47915,51193,-69.4,CPicoNanoTesla
2026-08-05 08:13:00,-0.341466,0.115225,-0.958372,-17073,5761,-47919,30.0,9.0,18019,161.4,-47919,51195,-69.4,CPicoNanoTesla
2026-08-05 08:14:00,-0.341478,0.115197,-0.958344,-17074,5760,-47917,30.1,9.0,18019,161.4,-47917,51193,-69.4,CPicoNanoTesla
2026-08-05 08:15:00,-0.341581,0.115216,-0.958247,-17079,5761,-47912,30.1,9.0,18024,161.4,-47912,51191,-69.4,CPicoNanoTesla
2026-08-05 08:16:00,-0.341456,0.115181,-0.958210,-17073,5759,-47910,30.2,9.0,18018,161.4,-47910,51187,-69.4,CPicoNanoTesla
2026-08-05 08:17:00,-0.341519,0.115191,-0.958216,-17076,5760,-47911,30.2,9.0,18021,161.4,-47911,51188,-69.4,CPicoNanoTesla
2026-08-05 08:18:00,-0.341534,0.115213,-0.958225,-17077,5761,-47911,30.2,9.0,18022,161.4,-47911,51189,-69.4,CPicoNanoTesla
2026-08-05 08:19:00,-0.341538,0.115172,-0.958222,-17077,5759,-47911,30.2,9.0,18022,161.4,-47911,51188,-69.4,CPicoNanoTesla
2026-08-05 08:20:00,-0.341544,0.115206,-0.958241,-17077,5760,-47912,30.3,9.0,18023,161.4,-47912,51190,-69.4,CPicoNanoTesla
2026-08-05 08:21:00,-0.341575,0.115206,-0.958203,-17079,5760,-47910,30.3,9.0,18024,161.4,-47910,51188,-69.4,CPicoNanoTesla
2026-08-05 08:22:00,-0.341581,0.115256,-0.958244,-17079,5763,-47912,30.3,9.0,18025,161.4,-47912,51191,-69.4,CPicoNanoTesla
2026-08-05 08:23:00,-0.341566,0.115234,-0.958228,-17078,5762,-47911,30.4,9.0,18024,161.4,-47911,51190,-69.4,CPicoNanoTesla
2026-08-05 08:24:00,-0.341531,0.115272,-0.958247,-17077,5764,-47912,30.4,9.0,18023,161.3,-47912,51190,-69.4,CPicoNanoTesla
2026-08-05 08:25:00,-0.341556,0.115256,-0.958228,-17078,5763,-47911,30.4,9.0,18024,161.4,-47911,51189,-69.4,CPicoNanoTesla
2026-08-05 08:26:00,-0.341553,0.115231,-0.958247,-17078,5762,-47912,30.4,9.0,18023,161.4,-47912,51190,-69.4,CPicoNanoTesla
2026-08-05 08:27:00,-0.341534,0.115225,-0.958272,-17077,5761,-47914,30.5,9.0,18022,161.4,-47914,51191,-69.4,CPicoNanoTesla
2026-08-05 08:28:00,-0.341556,0.115238,-0.958247,-17078,5762,-47912,30.5,9.0,18024,161.4,-47912,51190,-69.4,CPicoNanoTesla
2026-08-05 08:29:00,-0.341575,0.115247,-0.958272,-17079,5762,-47914,30.6,9.0,18025,161.4,-47914,51192,-69.4,CPicoNanoTesla
2026-08-05 08:30:00,-0.341534,0.115231,-0.958241,-17077,5762,-47912,30.6,9.0,18022,161.4,-47912,51190,-69.4,CPicoNanoTesla
2026-08-05 08:31:00,-0.341547,0.115188,-0.958213,-17077,5759,-47911,30.7,9.0,18022,161.4,-47911,51188,-69.4,CPicoNanoTesla
2026-08-05 08:32:00,-0.341603,0.115216,-0.958209,-17080,5761,-47910,30.7,9.0,18025,161.4,-47910,51189,-69.4,CPicoNanoTesla
2026-08-05 08:33:00,-0.341588,0.115219,-0.958269,-17079,5761,-47913,30.7,9.0,18025,161.4,-47913,51192,-69.4,CPicoNanoTesla
2026-08-05 08:34:00,-0.341569,0.115250,-0.958269,-17078,5762,-47913,30.8,9.0,18024,161.4,-47913,51192,-69.4,CPicoNanoTesla
2026-08-05 08:35:00,-0.341584,0.115231,-0.958219,-17079,5762,-47911,30.8,9.0,18025,161.4,-47911,51189,-69.4,CPicoNanoTesla
2026-08-05 08:36:00,-0.341534,0.115244,-0.958216,-17077,5762,-47911,30.9,9.0,18023,161.4,-47911,51188,-69.4,CPicoNanoTesla
2026-08-05 08:37:00,-0.341541,0.115238,-0.958228,-17077,5762,-47911,30.9,9.0,18023,161.4,-47911,51189,-69.4,CPicoNanoTesla
2026-08-05 08:38:00,-0.341472,0.115278,-0.958237,-17074,5764,-47912,30.9,9.0,18020,161.3,-47912,51189,-69.4,CPicoNanoTesla
2026-08-05 08:39:00,-0.341516,0.115256,-0.958259,-17076,5763,-47913,30.9,9.0,18022,161.4,-47913,51190,-69.4,CPicoNanoTesla
2026-08-05 08:40:00,-0.341538,0.115259,-0.958109,-17077,5763,-47905,30.9,9.0,18023,161.4,-47905,51184,-69.4,CPicoNanoTesla
2026-08-05 08:41:00,-0.341594,0.115316,-0.958063,-17080,5766,-47903,30.9,9.0,18027,161.3,-47903,51183,-69.4,CPicoNanoTesla
2026-08-05 08:42:00,-0.341559,0.115250,-0.958244,-17078,5762,-47912,30.9,9.0,18024,161.4,-47912,51190,-69.4,CPicoNanoTesla
2026-08-05 08:43:00,-0.341547,0.115263,-0.958234,-17077,5763,-47912,30.9,9.0,18024,161.4,-47912,51190,-69.4,CPicoNanoTesla
2026-08-05 08:44:00,-0.341531,0.115303,-0.958194,-17077,5765,-47910,30.9,9.0,18023,161.3,-47910,51188,-69.4,CPicoNanoTesla
2026-08-05 08:45:00,-0.341525,0.115297,-0.958219,-17076,5765,-47911,30.9,9.0,18023,161.3,-47911,51189,-69.4,CPicoNanoTesla
2026-08-05 08:46:00,-0.341581,0.115309,-0.958128,-17079,5765,-47906,30.9,9.0,18026,161.3,-47906,51186,-69.4,CPicoNanoTesla
2026-08-05 08:47:00,-0.341559,0.115269,-0.958150,-17078,5763,-47908,30.9,9.0,18024,161.4,-47908,51186,-69.4,CPicoNanoTesla
2026-08-05 08:48:00,-0.341559,0.115234,-0.958156,-17078,5762,-47908,30.9,9.0,18024,161.4,-47908,51186,-69.4,CPicoNanoTesla
2026-08-05 08:49:00,-0.341459,0.115259,-0.957978,-17073,5763,-47899,30.9,9.0,18019,161.3,-47899,51176,-69.4,CPicoNanoTesla
2026-08-05 08:50:00,-0.341525,0.115319,-0.958072,-17076,5766,-47904,30.9,9.0,18023,161.3,-47904,51182,-69.4,CPicoNanoTesla
2026-08-05 08:51:00,-0.341534,0.115313,-0.958128,-17077,5766,-47906,30.9,9.0,18024,161.3,-47906,51185,-69.4,CPicoNanoTesla
2026-08-05 08:52:00,-0.341563,0.115347,-0.958128,-17078,5767,-47906,31.0,9.0,18026,161.3,-47906,51185,-69.4,CPicoNanoTesla
2026-08-05 08:53:00,-0.341556,0.115331,-0.958119,-17078,5767,-47906,31.0,9.0,18025,161.3,-47906,51185,-69.4,CPicoNanoTesla
2026-08-05 08:54:00,-0.341575,0.115350,-0.958166,-17079,5768,-47908,31.0,9.0,18026,161.3,-47908,51187,-69.4,CPicoNanoTesla
2026-08-05 08:55:00,-0.341625,0.115375,-0.958119,-17081,5769,-47906,31.0,9.0,18029,161.3,-47906,51186,-69.4,CPicoNanoTesla
2026-08-05 08:56:00,-0.341616,0.115338,-0.958088,-17081,5767,-47904,31.0,9.0,18028,161.3,-47904,51184,-69.4,CPicoNanoTesla
2026-08-05 08:57:00,-0.341553,0.115406,-0.958131,-17078,5770,-47907,31.0,9.0,18026,161.3,-47907,51186,-69.4,CPicoNanoTesla
2026-08-05 08:58:00,-0.341575,0.115378,-0.958147,-17079,5769,-47907,31.1,9.0,18027,161.3,-47907,51187,-69.4,CPicoNanoTesla
2026-08-05 08:59:00,-0.341563,0.115372,-0.958059,-17078,5769,-47903,31.1,9.0,18026,161.3,-47903,51182,-69.4,CPicoNanoTesla
2026-08-05 09:00:00,-0.341606,0.115372,-0.958169,-17080,5769,-47908,31.1,1.0,18028,161.3,-47908,51188,-69.4,CPicoNanoTesla
2026-08-05 09:01:00,-0.341575,0.115394,-0.958169,-17079,5770,-47908,31.1,2.0,18027,161.3,-47908,51188,-69.4,CPicoNanoTesla
2026-08-05 09:02:00,-0.341609,0.115400,-0.958072,-17080,5770,-47904,31.1,4.0,18029,161.3,-47904,51184,-69.4,CPicoNanoTesla
2026-08-05 09:03:00,-0.341578,0.115384,-0.958069,-17079,5769,-47903,31.1,4.0,18027,161.3,-47903,51183,-69.4,CPicoNanoTesla
2026-08-05 09:04:00,-0.341472,0.115391,-0.958144,-17074,5770,-47907,31.1,4.0,18022,161.3,-47907,51185,-69.4,CPicoNanoTesla
2026-08-05 09:05:00,-0.341538,0.115391,-0.958066,-17077,5770,-47903,31.2,4.0,18025,161.3,-47903,51182,-69.4,CPicoNanoTesla
2026-08-05 09:06:00,-0.341575,0.115419,-0.958003,-17079,5771,-47900,31.2,4.0,18027,161.3,-47900,51180,-69.4,CPicoNanoTesla
2026-08-05 09:07:00,-0.341553,0.115381,-0.958016,-17078,5769,-47901,31.2,4.0,18026,161.3,-47901,51180,-69.4,CPicoNanoTesla
2026-08-05 09:08:00,-0.341519,0.115403,-0.958081,-17076,5770,-47904,31.1,4.0,18024,161.3,-47904,51183,-69.4,CPicoNanoTesla
2026-08-05 09:09:00,-0.341553,0.115422,-0.958028,-17078,5771,-47901,31.2,4.0,18026,161.3,-47901,51181,-69.4,CPicoNanoTesla
2026-08-05 09:10:00,-0.341594,0.115422,-0.958081,-17080,5771,-47904,31.2,4.0,18028,161.3,-47904,51184,-69.4,CPicoNanoTesla
2026-08-05 09:11:00,-0.341538,0.115397,-0.958016,-17077,5770,-47901,31.2,4.0,18025,161.3,-47901,51180,-69.4,CPicoNanoTesla
2026-08-05 09:12:00,-0.341559,0.115378,-0.957950,-17078,5769,-47898,31.1,4.0,18026,161.3,-47898,51177,-69.4,CPicoNanoTesla
2026-08-05 09:13:00,-0.341500,0.115381,-0.957984,-17075,5769,-47899,31.1,4.0,18023,161.3,-47899,51178,-69.4,CPicoNanoTesla
2026-08-05 09:14:00,-0.341553,0.115350,-0.958009,-17078,5768,-47900,31.1,6.0,18025,161.3,-47900,51180,-69.4,CPicoNanoTesla
2026-08-05 09:15:00,-0.341481,0.115387,-0.958069,-17074,5769,-47903,31.1,6.0,18022,161.3,-47903,51182,-69.4,CPicoNanoTesla
2026-08-05 09:16:00,-0.341581,0.115453,-0.958000,-17079,5773,-47900,31.1,6.0,18028,161.3,-47900,51180,-69.4,CPicoNanoTesla
2026-08-05 09:17:00,-0.341566,0.115447,-0.957969,-17078,5772,-47898,31.1,6.0,18027,161.3,-47898,51179,-69.4,CPicoNanoTesla
2026-08-05 09:18:00,-0.341509,0.115503,-0.957944,-17075,5775,-47897,31.1,6.0,18026,161.3,-47897,51177,-69.4,CPicoNanoTesla
2026-08-05 09:19:00,-0.341566,0.115506,-0.957959,-17078,5775,-47898,31.2,6.0,18028,161.3,-47898,51178,-69.4,CPicoNanoTesla
2026-08-05 09:20:00,-0.341559,0.115466,-0.957922,-17078,5773,-47896,31.2,6.0,18027,161.3,-47896,51176,-69.4,CPicoNanoTesla
2026-08-05 09:21:00,-0.341522,0.115484,-0.957991,-17076,5774,-47900,31.2,6.0,18026,161.3,-47900,51179,-69.4,CPicoNanoTesla
2026-08-05 09:22:00,-0.341563,0.115434,-0.957969,-17078,5772,-47898,31.2,6.0,18027,161.3,-47898,51178,-69.4,CPicoNanoTesla
2026-08-05 09:23:00,-0.341572,0.115469,-0.957975,-17079,5773,-47899,31.2,6.0,18028,161.3,-47899,51179,-69.4,CPicoNanoTesla
2026-08-05 09:24:00,-0.341578,0.115484,-0.958013,-17079,5774,-47901,31.2,6.0,18029,161.3,-47901,51181,-69.4,CPicoNanoTesla
2026-08-05 09:25:00,-0.341550,0.115463,-0.957972,-17078,5773,-47899,31.2,6.0,18027,161.3,-47899,51179,-69.4,CPicoNanoTesla
2026-08-05 09:26:00,-0.341581,0.115509,-0.958069,-17079,5775,-47903,31.3,6.0,18029,161.3,-47903,51184,-69.4,CPicoNanoTesla
2026-08-05 09:27:00,-0.341622,0.115553,-0.958066,-17081,5778,-47903,31.3,6.0,18032,161.3,-47903,51185,-69.4,CPicoNanoTesla
2026-08-05 09:28:00,-0.341522,0.115491,-0.958162,-17076,5775,-47908,31.3,6.0,18026,161.3,-47908,51187,-69.4,CPicoNanoTesla
2026-08-05 09:29:00,-0.341494,0.115513,-0.958203,-17075,5776,-47910,31.3,6.0,18025,161.3,-47910,51189,-69.4,CPicoNanoTesla
2026-08-05 09:30:00,-0.341469,0.115453,-0.958069,-17073,5773,-47903,31.4,7.0,18023,161.3,-47903,51182,-69.4,CPicoNanoTesla
2026-08-05 09:31:00,-0.341625,0.115569,-0.958078,-17081,5778,-47904,31.4,8.0,18032,161.3,-47904,51185,-69.4,CPicoNanoTesla
2026-08-05 09:32:00,-0.341566,0.115569,-0.958144,-17078,5778,-47907,31.4,8.0,18029,161.3,-47907,51187,-69.4,CPicoNanoTesla
2026-08-05 09:33:00,-0.341575,0.115509,-0.958109,-17079,5775,-47905,31.4,8.0,18029,161.3,-47905,51186,-69.4,CPicoNanoTesla
2026-08-05 09:34:00,-0.341606,0.115562,-0.958122,-17080,5778,-47906,31.5,8.0,18031,161.3,-47906,51187,-69.4,CPicoNanoTesla
2026-08-05 09:35:00,-0.341622,0.115522,-0.958078,-17081,5776,-47904,31.5,8.0,18031,161.3,-47904,51185,-69.4,CPicoNanoTesla
2026-08-05 09:36:00,-0.341631,0.115556,-0.958078,-17082,5778,-47904,31.5,8.0,18032,161.3,-47904,51185,-69.4,CPicoNanoTesla
2026-08-05 09:37:00,-0.341659,0.115625,-0.958088,-17083,5781,-47904,31.5,8.0,18035,161.3,-47904,51187,-69.4,CPicoNanoTesla
2026-08-05 09:38:00,-0.341666,0.115600,-0.958053,-17083,5780,-47903,31.6,8.0,18035,161.3,-47903,51185,-69.4,CPicoNanoTesla
2026-08-05 09:39:00,-0.341678,0.115638,-0.958059,-17084,5782,-47903,31.6,8.0,18036,161.3,-47903,51186,-69.4,CPicoNanoTesla
2026-08-05 09:40:00,-0.341672,0.115606,-0.958013,-17084,5780,-47901,31.7,8.0,18035,161.3,-47901,51183,-69.4,CPicoNanoTesla
2026-08-05 09:41:00,-0.341694,0.115628,-0.958047,-17085,5781,-47902,31.7,8.0,18036,161.3,-47902,51185,-69.4,CPicoNanoTesla
2026-08-05 09:42:00,-0.341563,0.115613,-0.957928,-17078,5781,-47896,31.7,8.0,18030,161.3,-47896,51178,-69.4,CPicoNanoTesla
2026-08-05 09:43:00,-0.341566,0.115650,-0.957906,-17078,5782,-47895,31.8,8.0,18031,161.3,-47895,51177,-69.4,CPicoNanoTesla
2026-08-05 09:44:00,-0.341569,0.115706,-0.957959,-17078,5785,-47898,31.8,8.0,18032,161.3,-47898,51180,-69.4,CPicoNanoTesla
2026-08-05 09:45:00,-0.341575,0.115763,-0.957934,-17079,5788,-47897,31.9,8.0,18033,161.3,-47897,51179,-69.4,CPicoNanoTesla
2026-08-05 09:46:00,-0.341600,0.115691,-0.957934,-17080,5785,-47897,31.9,8.0,18033,161.3,-47897,51179,-69.4,CPicoNanoTesla
2026-08-05 09:47:00,-0.341553,0.115638,-0.957931,-17078,5782,-47897,32.0,8.0,18030,161.3,-47897,51178,-69.4,CPicoNanoTesla
2026-08-05 09:48:00,-0.341538,0.115669,-0.957984,-17077,5783,-47899,32.0,8.0,18030,161.3,-47899,51180,-69.4,CPicoNanoTesla
2026-08-05 09:49:00,-0.341581,0.115669,-0.957988,-17079,5783,-47899,32.0,8.0,18032,161.3,-47899,51181,-69.4,CPicoNanoTesla
2026-08-05 09:50:00,-0.341634,0.115694,-0.958066,-17082,5785,-47903,32.0,8.0,18035,161.3,-47903,51186,-69.4,CPicoNanoTesla
2026-08-05 09:51:00,-0.341684,0.115656,-0.958106,-17084,5783,-47905,32.1,8.0,18036,161.3,-47905,51188,-69.4,CPicoNanoTesla
2026-08-05 09:52:00,-0.341688,0.115663,-0.958119,-17084,5783,-47906,32.1,8.0,18037,161.3,-47906,51189,-69.4,CPicoNanoTesla
2026-08-05 09:53:00,-0.341678,0.115672,-0.958116,-17084,5784,-47906,32.1,8.0,18036,161.3,-47906,51189,-69.4,CPicoNanoTesla
2026-08-05 09:54:00,-0.341662,0.115691,-0.958047,-17083,5785,-47902,32.1,8.0,18036,161.3,-47902,51185,-69.4,CPicoNanoTesla
2026-08-05 09:55:00,-0.341744,0.115738,-0.958072,-17087,5787,-47904,32.2,8.0,18041,161.3,-47904,51188,-69.4,CPicoNanoTesla
2026-08-05 09:56:00,-0.341697,0.115734,-0.958059,-17085,5787,-47903,32.2,8.0,18038,161.3,-47903,51187,-69.4,CPicoNanoTesla
2026-08-05 09:57:00,-0.341697,0.115716,-0.958081,-17085,5786,-47904,32.2,8.0,18038,161.3,-47904,51188,-69.4,CPicoNanoTesla
2026-08-05 09:58:00,-0.341709,0.115738,-0.958047,-17085,5787,-47902,32.3,8.0,18039,161.3,-47902,51186,-69.4,CPicoNanoTesla
2026-08-05 09:59:00,-0.341734,0.115769,-0.958034,-17087,5788,-47902,32.3,8.0,18041,161.3,-47902,51186,-69.4,CPicoNanoTesla
2026-08-05 10:00:00,-0.341731,0.115756,-0.958081,-17087,5788,-47904,32.4,1.0,18040,161.3,-47904,51188,-69.4,CPicoNanoTesla
2026-08-05 10:01:00,-0.341753,0.115781,-0.958088,-17088,5789,-47904,32.4,3.0,18042,161.3,-47904,51189,-69.4,CPicoNanoTesla
2026-08-05 10:02:00,-0.341741,0.115772,-0.958006,-17087,5789,-47900,32.5,3.0,18041,161.3,-47900,51185,-69.4,CPicoNanoTesla
2026-08-05 10:03:00,-0.341769,0.115822,-0.958041,-17088,5791,-47902,32.6,3.0,18043,161.3,-47902,51187,-69.4,CPicoNanoTesla
2026-08-05 10:04:00,-0.341784,0.115838,-0.958003,-17089,5792,-47900,32.7,3.0,18044,161.3,-47900,51186,-69.4,CPicoNanoTesla
2026-08-05 10:05:00,-0.341813,0.115828,-0.957997,-17091,5791,-47900,32.8,3.0,18045,161.3,-47900,51186,-69.4,CPicoNanoTesla
2026-08-05 10:06:00,-0.341837,0.115813,-0.958019,-17092,5791,-47901,32.9,3.0,18046,161.3,-47901,51188,-69.4,CPicoNanoTesla
2026-08-05 10:07:00,-0.341847,0.115863,-0.958053,-17092,5793,-47903,33.0,3.0,18047,161.3,-47903,51190,-69.4,CPicoNanoTesla
2026-08-05 10:08:00,-0.341837,0.115869,-0.958059,-17092,5793,-47903,33.1,3.0,18047,161.3,-47903,51190,-69.4,CPicoNanoTesla
2026-08-05 10:09:00,-0.341856,0.115863,-0.958091,-17093,5793,-47905,33.3,3.0,18048,161.3,-47905,51191,-69.4,CPicoNanoTesla
2026-08-05 10:10:00,-0.341850,0.115859,-0.958075,-17092,5793,-47904,33.4,3.0,18047,161.3,-47904,51191,-69.4,CPicoNanoTesla
2026-08-05 10:11:00,-0.341841,0.115869,-0.958059,-17092,5793,-47903,33.5,3.0,18047,161.3,-47903,51190,-69.4,CPicoNanoTesla
2026-08-05 10:12:00,-0.341894,0.115903,-0.958003,-17095,5795,-47900,33.6,3.0,18050,161.3,-47900,51188,-69.4,CPicoNanoTesla
2026-08-05 10:13:00,-0.341900,0.115834,-0.958053,-17095,5792,-47903,33.6,3.0,18049,161.3,-47903,51190,-69.4,CPicoNanoTesla
2026-08-05 10:14:00,-0.341859,0.115794,-0.957997,-17093,5790,-47900,33.7,3.0,18047,161.3,-47900,51187,-69.4,CPicoNanoTesla
2026-08-05 10:15:00,-0.341881,0.115841,-0.957966,-17094,5792,-47898,33.7,4.0,18049,161.3,-47898,51186,-69.4,CPicoNanoTesla
2026-08-05 10:16:00,-0.341853,0.115859,-0.958016,-17093,5793,-47901,33.8,4.0,18048,161.3,-47901,51188,-69.4,CPicoNanoTesla
2026-08-05 10:17:00,-0.341866,0.115859,-0.958031,-17093,5793,-47902,33.8,4.0,18048,161.3,-47902,51189,-69.4,CPicoNanoTesla
2026-08-05 10:18:00,-0.341800,0.115875,-0.958056,-17090,5794,-47903,33.8,4.0,18045,161.3,-47903,51189,-69.4,CPicoNanoTesla
2026-08-05 10:19:00,-0.341816,0.115909,-0.958013,-17091,5795,-47901,33.8,4.0,18047,161.3,-47901,51187,-69.4,CPicoNanoTesla
2026-08-05 10:20:00,-0.341825,0.115884,-0.957984,-17091,5794,-47899,33.8,4.0,18047,161.3,-47899,51186,-69.4,CPicoNanoTesla
2026-08-05 10:21:00,-0.341831,0.115878,-0.957972,-17092,5794,-47899,33.8,4.0,18047,161.3,-47899,51186,-69.4,CPicoNanoTesla
2026-08-05 10:22:00,-0.341831,0.115891,-0.957956,-17092,5795,-47898,33.8,4.0,18047,161.3,-47898,51185,-69.4,CPicoNanoTesla
2026-08-05 10:23:00,-0.341831,0.115891,-0.957988,-17092,5795,-47899,33.8,4.0,18047,161.3,-47899,51186,-69.4,CPicoNanoTesla
2026-08-05 10:24:00,-0.341778,0.115847,-0.957991,-17089,5792,-47900,33.8,4.0,18044,161.3,-47900,51185,-69.4,CPicoNanoTesla
2026-08-05 10:25:00,-0.341816,0.115859,-0.957997,-17091,5793,-47900,33.8,5.0,18046,161.3,-47900,51186,-69.4,CPicoNanoTesla
2026-08-05 10:26:00,-0.341869,0.115878,-0.957981,-17093,5794,-47899,33.9,5.0,18049,161.3,-47899,51187,-69.4,CPicoNanoTesla
2026-08-05 10:27:00,-0.341866,0.115950,-0.957997,-17093,5798,-47900,33.9,5.0,18050,161.3,-47900,51188,-69.4,CPicoNanoTesla
2026-08-05 10:28:00,-0.341869,0.115950,-0.957972,-17093,5798,-47899,33.9,5.0,18050,161.3,-47899,51187,-69.4,CPicoNanoTesla
2026-08-05 10:29:00,-0.341903,0.116022,-0.957991,-17095,5801,-47900,34.0,5.0,18053,161.3,-47900,51188,-69.3,CPicoNanoTesla
2026-08-05 10:30:00,-0.341894,0.115994,-0.957966,-17095,5800,-47898,34.0,5.0,18052,161.3,-47898,51187,-69.3,CPicoNanoTesla
2026-08-05 10:31:00,-0.341919,0.115972,-0.957966,-17096,5799,-47898,34.1,5.0,18053,161.3,-47898,51187,-69.3,CPicoNanoTesla
2026-08-05 10:32:00,-0.341897,0.115969,-0.958000,-17095,5798,-47900,34.2,5.0,18051,161.3,-47900,51189,-69.4,CPicoNanoTesla
2026-08-05 10:33:00,-0.341941,0.116009,-0.958009,-17097,5800,-47900,34.3,5.0,18054,161.3,-47900,51190,-69.3,CPicoNanoTesla
2026-08-05 10:34:00,-0.341963,0.116012,-0.957991,-17098,5801,-47900,34.4,5.0,18055,161.3,-47900,51189,-69.3,CPicoNanoTesla
2026-08-05 10:35:00,-0.341975,0.116031,-0.957987,-17099,5802,-47899,34.5,5.0,18056,161.3,-47899,51190,-69.3,CPicoNanoTesla
2026-08-05 10:36:00,-0.341928,0.116044,-0.958013,-17096,5802,-47901,34.6,5.0,18054,161.3,-47901,51190,-69.3,CPicoNanoTesla
2026-08-05 10:37:00,-0.341972,0.116063,-0.958031,-17099,5803,-47902,34.7,5.0,18057,161.3,-47902,51192,-69.3,CPicoNanoTesla
2026-08-05 10:38:00,-0.341984,0.116056,-0.957997,-17099,5803,-47900,34.8,5.0,18057,161.3,-47900,51190,-69.3,CPicoNanoTesla
2026-08-05 10:39:00,-0.341997,0.116047,-0.958031,-17100,5802,-47902,34.9,5.0,18057,161.3,-47902,51192,-69.3,CPicoNanoTesla
2026-08-05 10:40:00,-0.342019,0.116063,-0.957884,-17101,5803,-47894,35.0,5.0,18059,161.3,-47894,51186,-69.3,CPicoNanoTesla
2026-08-05 10:41:00,-0.341997,0.116084,-0.957891,-17100,5804,-47895,35.1,5.0,18058,161.3,-47895,51186,-69.3,CPicoNanoTesla
2026-08-05 10:42:00,-0.342053,0.116019,-0.957931,-17103,5801,-47897,35.2,5.0,18060,161.3,-47897,51188,-69.3,CPicoNanoTesla
2026-08-05 10:43:00,-0.342009,0.116047,-0.957925,-17100,5802,-47896,35.3,5.0,18058,161.3,-47896,51187,-69.3,CPicoNanoTesla
2026-08-05 10:44:00,-0.342037,0.116016,-0.957872,-17102,5801,-47894,35.4,5.0,18059,161.3,-47894,51185,-69.3,CPicoNanoTesla
2026-08-05 10:45:00,-0.342069,0.116088,-0.957947,-17103,5804,-47897,35.5,5.0,18062,161.3,-47897,51190,-69.3,CPicoNanoTesla
2026-08-05 10:46:00,-0.342066,0.116069,-0.957953,-17103,5803,-47898,35.6,7.0,18061,161.3,-47898,51190,-69.3,CPicoNanoTesla
2026-08-05 10:47:00,-0.342084,0.116069,-0.957950,-17104,5803,-47898,35.7,7.0,18062,161.3,-47898,51190,-69.3,CPicoNanoTesla
2026-08-05 10:48:00,-0.342072,0.116106,-0.957931,-17104,5805,-47897,35.8,7.0,18062,161.3,-47897,51189,-69.3,CPicoNanoTesla
2026-08-05 10:49:00,-0.342075,0.116097,-0.957906,-17104,5805,-47895,35.9,7.0,18062,161.3,-47895,51188,-69.3,CPicoNanoTesla
2026-08-05 10:50:00,-0.342119,0.116084,-0.957828,-17106,5804,-47891,36.0,7.0,18064,161.3,-47891,51185,-69.3,CPicoNanoTesla
2026-08-05 10:51:00,-0.342131,0.116166,-0.957828,-17107,5808,-47891,36.0,7.0,18066,161.2,-47891,51186,-69.3,CPicoNanoTesla
2026-08-05 10:52:00,-0.342191,0.116119,-0.957822,-17110,5806,-47891,36.1,7.0,18068,161.3,-47891,51186,-69.3,CPicoNanoTesla
2026-08-05 10:53:00,-0.342103,0.116031,-0.957819,-17105,5802,-47891,36.1,7.0,18062,161.3,-47891,51184,-69.3,CPicoNanoTesla
2026-08-05 10:54:00,-0.342078,0.116109,-0.957856,-17104,5805,-47893,36.2,7.0,18062,161.3,-47893,51186,-69.3,CPicoNanoTesla
2026-08-05 10:55:00,-0.342078,0.116103,-0.957803,-17104,5805,-47890,36.2,7.0,18062,161.3,-47890,51183,-69.3,CPicoNanoTesla
2026-08-05 10:56:00,-0.342069,0.116116,-0.957909,-17103,5806,-47895,36.2,7.0,18062,161.3,-47895,51188,-69.3,CPicoNanoTesla
2026-08-05 10:57:00,-0.342059,0.116150,-0.957866,-17103,5808,-47893,36.2,7.0,18062,161.2,-47893,51186,-69.3,CPicoNanoTesla
2026-08-05 10:58:00,-0.342050,0.116134,-0.957831,-17102,5807,-47892,36.2,7.0,18061,161.2,-47892,51184,-69.3,CPicoNanoTesla
2026-08-05 10:59:00,-0.342059,0.116128,-0.957788,-17103,5806,-47889,36.1,7.0,18062,161.2,-47889,51182,-69.3,CPicoNanoTesla
2026-08-05 11:00:00,-0.342063,0.116131,-0.957766,-17103,5807,-47888,36.1,3.0,18062,161.2,-47888,51181,-69.3,CPicoNanoTesla
2026-08-05 11:01:00,-0.342050,0.116131,-0.957794,-17102,5807,-47890,36.1,3.0,18061,161.2,-47890,51182,-69.3,CPicoNanoTesla
2026-08-05 11:02:00,-0.342013,0.116134,-0.957731,-17101,5807,-47887,36.0,3.0,18060,161.2,-47887,51179,-69.3,CPicoNanoTesla
2026-08-05 11:03:00,-0.342016,0.116125,-0.957759,-17101,5806,-47888,36.0,3.0,18060,161.2,-47888,51180,-69.3,CPicoNanoTesla
2026-08-05 11:04:00,-0.342013,0.116156,-0.957688,-17101,5808,-47884,35.9,3.0,18060,161.2,-47884,51177,-69.3,CPicoNanoTesla
2026-08-05 11:05:00,-0.342006,0.116134,-0.957716,-17100,5807,-47886,35.9,3.0,18059,161.2,-47886,51178,-69.3,CPicoNanoTesla
2026-08-05 11:06:00,-0.341988,0.116181,-0.957634,-17099,5809,-47882,35.8,4.0,18059,161.2,-47882,51174,-69.3,CPicoNanoTesla
2026-08-05 11:07:00,-0.341966,0.116103,-0.957644,-17098,5805,-47882,35.7,4.0,18057,161.2,-47882,51174,-69.3,CPicoNanoTesla
2026-08-05 11:08:00,-0.341941,0.116103,-0.957650,-17097,5805,-47882,35.7,4.0,18056,161.2,-47882,51174,-69.3,CPicoNanoTesla
2026-08-05 11:09:00,-0.341913,0.116134,-0.957703,-17096,5807,-47885,35.6,4.0,18055,161.2,-47885,51176,-69.3,CPicoNanoTesla
2026-08-05 11:10:00,-0.341925,0.116119,-0.957641,-17096,5806,-47882,35.6,4.0,18055,161.2,-47882,51173,-69.3,CPicoNanoTesla
2026-08-05 11:11:00,-0.341928,0.116144,-0.957697,-17096,5807,-47885,35.5,4.0,18056,161.2,-47885,51176,-69.3,CPicoNanoTesla
2026-08-05 11:12:00,-0.341906,0.116141,-0.957609,-17095,5807,-47880,35.5,4.0,18055,161.2,-47880,51171,-69.3,CPicoNanoTesla
2026-08-05 11:13:00,-0.341903,0.116169,-0.957609,-17095,5808,-47880,35.4,4.0,18055,161.2,-47880,51171,-69.3,CPicoNanoTesla
2026-08-05 11:14:00,-0.341872,0.116172,-0.957553,-17094,5809,-47878,35.4,4.0,18054,161.2,-47878,51168,-69.3,CPicoNanoTesla
2026-08-05 11:15:00,-0.341891,0.116163,-0.957597,-17095,5808,-47880,35.4,4.0,18054,161.2,-47880,51171,-69.3,CPicoNanoTesla
2026-08-05 11:16:00,-0.341919,0.116166,-0.957613,-17096,5808,-47881,35.4,4.0,18056,161.2,-47881,51172,-69.3,CPicoNanoTesla
2026-08-05 11:17:00,-0.341919,0.116222,-0.957675,-17096,5811,-47884,35.5,4.0,18057,161.2,-47884,51175,-69.3,CPicoNanoTesla
2026-08-05 11:18:00,-0.341850,0.116213,-0.957703,-17092,5811,-47885,35.5,5.0,18053,161.2,-47885,51175,-69.3,CPicoNanoTesla
2026-08-05 11:19:00,-0.341831,0.116244,-0.957659,-17092,5812,-47883,35.5,5.0,18053,161.2,-47883,51173,-69.3,CPicoNanoTesla
2026-08-05 11:20:00,-0.342003,0.116316,-0.957653,-17100,5816,-47883,35.6,5.0,18062,161.2,-47883,51176,-69.3,CPicoNanoTesla
2026-08-05 11:21:00,-0.341994,0.116325,-0.957666,-17100,5816,-47883,35.7,5.0,18062,161.2,-47883,51177,-69.3,CPicoNanoTesla
2026-08-05 11:22:00,-0.341978,0.116344,-0.957753,-17099,5817,-47888,35.8,5.0,18061,161.2,-47888,51180,-69.3,CPicoNanoTesla
2026-08-05 11:23:00,-0.342013,0.116334,-0.957856,-17101,5817,-47893,35.9,5.0,18063,161.2,-47893,51186,-69.3,CPicoNanoTesla
2026-08-05 11:24:00,-0.342047,0.116384,-0.957753,-17102,5819,-47888,35.9,5.0,18065,161.2,-47888,51182,-69.3,CPicoNanoTesla
2026-08-05 11:25:00,-0.342053,0.116381,-0.957766,-17103,5819,-47888,36.0,5.0,18066,161.2,-47888,51183,-69.3,CPicoNanoTesla
2026-08-05 11:26:00,-0.342078,0.116366,-0.957766,-17104,5818,-47888,36.1,5.0,18066,161.2,-47888,51183,-69.3,CPicoNanoTesla
2026-08-05 11:27:00,-0.342094,0.116369,-0.957800,-17105,5818,-47890,36.2,5.0,18067,161.2,-47890,51185,-69.3,CPicoNanoTesla
2026-08-05 11:28:00,-0.342069,0.116344,-0.957825,-17103,5817,-47891,36.3,5.0,18066,161.2,-47891,51185,-69.3,CPicoNanoTesla
2026-08-05 11:29:00,-0.342066,0.116363,-0.957766,-17103,5818,-47888,36.4,5.0,18066,161.2,-47888,51183,-69.3,CPicoNanoTesla
2026-08-05 11:30:00,-0.341994,0.116297,-0.957856,-17100,5815,-47893,36.5,5.0,18061,161.2,-47893,51185,-69.3,CPicoNanoTesla
2026-08-05 11:31:00,-0.342003,0.116316,-0.957812,-17100,5816,-47891,36.5,5.0,18062,161.2,-47891,51183,-69.3,CPicoNanoTesla
2026-08-05 11:32:00,-0.342000,0.116303,-0.957834,-17100,5815,-47892,36.6,5.0,18062,161.2,-47892,51184,-69.3,CPicoNanoTesla
2026-08-05 11:33:00,-0.342044,0.116344,-0.957859,-17102,5817,-47893,36.7,5.0,18064,161.2,-47893,51187,-69.3,CPicoNanoTesla
2026-08-05 11:34:00,-0.342041,0.116291,-0.957788,-17102,5815,-47889,36.7,5.0,18063,161.2,-47889,51183,-69.3,CPicoNanoTesla
2026-08-05 11:35:00,-0.342081,0.116334,-0.957788,-17104,5817,-47889,36.7,5.0,18066,161.2,-47889,51184,-69.3,CPicoNanoTesla
2026-08-05 11:36:00,-0.342047,0.116288,-0.957784,-17102,5814,-47889,36.8,5.0,18064,161.2,-47889,51183,-69.3,CPicoNanoTesla
2026-08-05 11:37:00,-0.342084,0.116331,-0.957772,-17104,5817,-47889,36.8,5.0,18066,161.2,-47889,51183,-69.3,CPicoNanoTesla
2026-08-05 11:38:00,-0.342084,0.116319,-0.957834,-17104,5816,-47892,36.8,5.0,18066,161.2,-47892,51186,-69.3,CPicoNanoTesla
2026-08-05 11:39:00,-0.342078,0.116419,-0.957769,-17104,5821,-47888,36.8,5.0,18067,161.2,-47888,51183,-69.3,CPicoNanoTesla
2026-08-05 11:40:00,-0.342088,0.116316,-0.957819,-17104,5816,-47891,36.9,5.0,18066,161.2,-47891,51185,-69.3,CPicoNanoTesla
2026-08-05 11:41:00,-0.342138,0.116363,-0.957634,-17107,5818,-47882,36.9,5.0,18069,161.2,-47882,51178,-69.3,CPicoNanoTesla
2026-08-05 11:42:00,-0.342125,0.116369,-0.957606,-17106,5818,-47880,37.0,5.0,18069,161.2,-47880,51176,-69.3,CPicoNanoTesla
2026-08-05 11:43:00,-0.342128,0.116359,-0.957609,-17106,5818,-47880,37.0,5.0,18069,161.2,-47880,51176,-69.3,CPicoNanoTesla
2026-08-05 11:44:00,-0.342141,0.116347,-0.957750,-17107,5817,-47888,37.1,5.0,18069,161.2,-47888,51183,-69.3,CPicoNanoTesla
2026-08-05 11:45:00,-0.342166,0.116434,-0.957781,-17108,5822,-47889,37.1,5.0,18072,161.2,-47889,51185,-69.3,CPicoNanoTesla
2026-08-05 11:46:00,-0.342184,0.116353,-0.957753,-17109,5818,-47888,37.2,5.0,18071,161.2,-47888,51184,-69.3,CPicoNanoTesla
2026-08-05 11:47:00,-0.342147,0.116388,-0.957819,-17107,5819,-47891,37.2,5.0,18070,161.2,-47891,51187,-69.3,CPicoNanoTesla
2026-08-05 11:48:00,-0.342138,0.116328,-0.957588,-17107,5816,-47879,37.3,5.0,18069,161.2,-47879,51175,-69.3,CPicoNanoTesla
2026-08-05 11:49:00,-0.342122,0.116394,-0.957797,-17106,5820,-47890,37.3,5.0,18069,161.2,-47890,51185,-69.3,CPicoNanoTesla
2026-08-05 11:50:00,-0.342094,0.116381,-0.957803,-17105,5819,-47890,37.3,5.0,18067,161.2,-47890,51185,-69.3,CPicoNanoTesla
2026-08-05 11:51:00,-0.342206,0.116394,-0.957772,-17110,5820,-47889,37.4,5.0,18073,161.2,-47889,51185,-69.3,CPicoNanoTesla
2026-08-05 11:52:00,-0.342238,0.116319,-0.957722,-17112,5816,-47886,37.4,5.0,18073,161.2,-47886,51183,-69.3,CPicoNanoTesla
2026-08-05 11:53:00,-0.342156,0.116397,-0.957766,-17108,5820,-47888,37.4,5.0,18071,161.2,-47888,51184,-69.3,CPicoNanoTesla
2026-08-05 11:54:00,-0.342209,0.116375,-0.957803,-17110,5819,-47890,37.4,5.0,18073,161.2,-47890,51187,-69.3,CPicoNanoTesla
2026-08-05 11:55:00,-0.342212,0.116412,-0.957775,-17111,5821,-47889,37.5,5.0,18074,161.2,-47889,51186,-69.3,CPicoNanoTesla
2026-08-05 11:56:00,-0.342231,0.116437,-0.957822,-17112,5822,-47891,37.5,5.0,18075,161.2,-47891,51188,-69.3,CPicoNanoTesla
2026-08-05 11:57:00,-0.342194,0.116469,-0.957816,-17110,5823,-47891,37.6,5.0,18074,161.2,-47891,51188,-69.3,CPicoNanoTesla
2026-08-05 11:58:00,-0.342263,0.116438,-0.957763,-17113,5822,-47888,37.6,5.0,18076,161.2,-47888,51186,-69.3,CPicoNanoTesla
2026-08-05 11:59:00,-0.342250,0.116466,-0.957791,-17112,5823,-47890,37.7,5.0,18076,161.2,-47890,51187,-69.3,CPicoNanoTesla
2026-08-05 12:00:00,-0.342191,0.116488,-0.957731,-17110,5824,-47887,37.7,3.0,18074,161.2,-47887,51184,-69.3,CPicoNanoTesla
2026-08-05 12:01:00,-0.342259,0.116441,-0.957800,-17113,5822,-47890,37.8,5.0,18076,161.2,-47890,51188,-69.3,CPicoNanoTesla
2026-08-05 12:02:00,-0.342294,0.116419,-0.957828,-17115,5821,-47891,37.8,5.0,18077,161.2,-47891,51190,-69.3,CPicoNanoTesla
2026-08-05 12:03:00,-0.342341,0.116478,-0.957812,-17117,5824,-47891,37.9,5.0,18081,161.2,-47891,51190,-69.3,CPicoNanoTesla
2026-08-05 12:04:00,-0.342309,0.116450,-0.957813,-17115,5822,-47891,37.9,5.0,18079,161.2,-47891,51189,-69.3,CPicoNanoTesla
2026-08-05 12:05:00,-0.342275,0.116431,-0.957806,-17114,5822,-47890,38.0,5.0,18077,161.2,-47890,51188,-69.3,CPicoNanoTesla
2026-08-05 12:06:00,-0.342303,0.116494,-0.957834,-17115,5825,-47892,38.1,5.0,18079,161.2,-47892,51191,-69.3,CPicoNanoTesla
2026-08-05 12:07:00,-0.342303,0.116491,-0.957847,-17115,5825,-47892,38.1,5.0,18079,161.2,-47892,51191,-69.3,CPicoNanoTesla
2026-08-05 12:08:00,-0.342291,0.116488,-0.957806,-17115,5824,-47890,38.2,5.0,18078,161.2,-47890,51189,-69.3,CPicoNanoTesla
2026-08-05 12:09:00,-0.342306,0.116475,-0.957809,-17115,5824,-47890,38.2,5.0,18079,161.2,-47890,51189,-69.3,CPicoNanoTesla
2026-08-05 12:10:00,-0.342256,0.116494,-0.957825,-17113,5825,-47891,38.3,5.0,18077,161.2,-47891,51189,-69.3,CPicoNanoTesla
2026-08-05 12:11:00,-0.342281,0.116434,-0.957750,-17114,5822,-47888,38.3,5.0,18077,161.2,-47888,51186,-69.3,CPicoNanoTesla
2026-08-05 12:12:00,-0.342291,0.116444,-0.957703,-17115,5822,-47885,38.3,5.0,18078,161.2,-47885,51184,-69.3,CPicoNanoTesla
2026-08-05 12:13:00,-0.342194,0.116531,-0.957781,-17110,5827,-47889,38.3,5.0,18075,161.2,-47889,51186,-69.3,CPicoNanoTesla
2026-08-05 12:14:00,-0.342334,0.116491,-0.957819,-17117,5825,-47891,38.3,5.0,18081,161.2,-47891,51190,-69.3,CPicoNanoTesla
2026-08-05 12:15:00,-0.342266,0.116409,-0.957803,-17113,5820,-47890,38.3,6.0,18076,161.2,-47890,51188,-69.3,CPicoNanoTesla
2026-08-05 12:16:00,-0.342266,0.116419,-0.957759,-17113,5821,-47888,38.3,6.0,18076,161.2,-47888,51186,-69.3,CPicoNanoTesla
2026-08-05 12:17:00,-0.342234,0.116513,-0.957763,-17112,5826,-47888,38.3,6.0,18076,161.2,-47888,51186,-69.3,CPicoNanoTesla
2026-08-05 12:18:00,-0.342259,0.116525,-0.957684,-17113,5826,-47884,38.3,6.0,18078,161.2,-47884,51183,-69.3,CPicoNanoTesla
2026-08-05 12:19:00,-0.342228,0.116500,-0.957769,-17111,5825,-47888,38.3,6.0,18076,161.2,-47888,51186,-69.3,CPicoNanoTesla
2026-08-05 12:20:00,-0.342256,0.116506,-0.957800,-17113,5825,-47890,38.2,6.0,18077,161.2,-47890,51188,-69.3,CPicoNanoTesla
2026-08-05 12:21:00,-0.342263,0.116503,-0.957744,-17113,5825,-47887,38.2,6.0,18077,161.2,-47887,51186,-69.3,CPicoNanoTesla
2026-08-05 12:22:00,-0.342241,0.116509,-0.957688,-17112,5825,-47884,38.2,6.0,18076,161.2,-47884,51183,-69.3,CPicoNanoTesla
2026-08-05 12:23:00,-0.342231,0.116497,-0.957706,-17112,5825,-47885,38.1,6.0,18076,161.2,-47885,51183,-69.3,CPicoNanoTesla
2026-08-05 12:24:00,-0.342250,0.116497,-0.957747,-17112,5825,-47887,38.1,6.0,18077,161.2,-47887,51186,-69.3,CPicoNanoTesla
2026-08-05 12:25:00,-0.342191,0.116509,-0.957775,-17110,5825,-47889,38.1,6.0,18074,161.2,-47889,51186,-69.3,CPicoNanoTesla
2026-08-05 12:26:00,-0.342234,0.116491,-0.957659,-17112,5825,-47883,38.0,6.0,18076,161.2,-47883,51181,-69.3,CPicoNanoTesla
2026-08-05 12:27:00,-0.342250,0.116506,-0.957659,-17112,5825,-47883,38.0,6.0,18077,161.2,-47883,51182,-69.3,CPicoNanoTesla
2026-08-05 12:28:00,-0.342200,0.116509,-0.957653,-17110,5825,-47883,38.0,6.0,18075,161.2,-47883,51180,-69.3,CPicoNanoTesla
2026-08-05 12:29:00,-0.342225,0.116481,-0.957644,-17111,5824,-47882,38.0,6.0,18075,161.2,-47882,51180,-69.3,CPicoNanoTesla
2026-08-05 12:30:00,-0.342216,0.116488,-0.957734,-17111,5824,-47887,38.0,6.0,18075,161.2,-47887,51184,-69.3,CPicoNanoTesla
2026-08-05 12:31:00,-0.342153,0.116541,-0.957722,-17108,5827,-47886,38.0,6.0,18073,161.2,-47886,51183,-69.3,CPicoNanoTesla
2026-08-05 12:32:00,-0.342216,0.116484,-0.957684,-17111,5824,-47884,38.0,6.0,18075,161.2,-47884,51182,-69.3,CPicoNanoTesla
2026-08-05 12:33:00,-0.342228,0.116556,-0.957622,-17111,5828,-47881,38.0,6.0,18077,161.2,-47881,51180,-69.3,CPicoNanoTesla
2026-08-05 12:34:00,-0.342272,0.116625,-0.957681,-17114,5831,-47884,38.1,6.0,18080,161.2,-47884,51184,-69.3,CPicoNanoTesla
2026-08-05 12:35:00,-0.342234,0.116588,-0.957759,-17112,5829,-47888,38.1,6.0,18077,161.2,-47888,51186,-69.3,CPicoNanoTesla
2026-08-05 12:36:00,-0.342281,0.116609,-0.957750,-17114,5830,-47888,38.2,6.0,18080,161.2,-47888,51187,-69.3,CPicoNanoTesla
2026-08-05 12:37:00,-0.342269,0.116616,-0.957775,-17113,5831,-47889,38.2,6.0,18079,161.2,-47889,51188,-69.3,CPicoNanoTesla
2026-08-05 12:38:00,-0.342212,0.116597,-0.957797,-17111,5830,-47890,38.3,6.0,18077,161.2,-47890,51188,-69.3,CPicoNanoTesla
2026-08-05 12:39:00,-0.342216,0.116616,-0.957822,-17111,5831,-47891,38.3,6.0,18077,161.2,-47891,51189,-69.3,CPicoNanoTesla
2026-08-05 12:40:00,-0.342222,0.116609,-0.957772,-17111,5830,-47889,38.4,6.0,18077,161.2,-47889,51187,-69.3,CPicoNanoTesla
2026-08-05 12:41:00,-0.342241,0.116597,-0.957694,-17112,5830,-47885,38.4,6.0,18078,161.2,-47885,51184,-69.3,CPicoNanoTesla
2026-08-05 12:42:00,-0.342284,0.116528,-0.957619,-17114,5826,-47881,38.5,6.0,18079,161.2,-47881,51180,-69.3,CPicoNanoTesla
2026-08-05 12:43:00,-0.342303,0.116475,-0.957650,-17115,5824,-47882,38.5,6.0,18079,161.2,-47882,51182,-69.3,CPicoNanoTesla
2026-08-05 12:44:00,-0.342284,0.116519,-0.957744,-17114,5826,-47887,38.6,6.0,18079,161.2,-47887,51186,-69.3,CPicoNanoTesla
2026-08-05 12:45:00,-0.342322,0.116522,-0.957694,-17116,5826,-47885,38.6,6.0,18080,161.2,-47885,51184,-69.3,CPicoNanoTesla
2026-08-05 12:46:00,-0.342344,0.116528,-0.957744,-17117,5826,-47887,38.6,6.0,18082,161.2,-47887,51187,-69.3,CPicoNanoTesla
2026-08-05 12:47:00,-0.342338,0.116531,-0.957725,-17117,5827,-47886,38.6,6.0,18081,161.2,-47886,51186,-69.3,CPicoNanoTesla
2026-08-05 12:48:00,-0.342300,0.116553,-0.957759,-17115,5828,-47888,38.7,6.0,18080,161.2,-47888,51187,-69.3,CPicoNanoTesla
2026-08-05 12:49:00,-0.342325,0.116556,-0.957728,-17116,5828,-47886,38.6,6.0,18081,161.2,-47886,51186,-69.3,CPicoNanoTesla
2026-08-05 12:50:00,-0.342303,0.116584,-0.957634,-17115,5829,-47882,38.6,6.0,18081,161.2,-47882,51182,-69.3,CPicoNanoTesla
2026-08-05 12:51:00,-0.342381,0.116528,-0.957584,-17119,5826,-47879,38.6,6.0,18083,161.2,-47879,51180,-69.3,CPicoNanoTesla
2026-08-05 12:52:00,-0.342300,0.116581,-0.957663,-17115,5829,-47883,38.6,6.0,18080,161.2,-47883,51183,-69.3,CPicoNanoTesla
2026-08-05 12:53:00,-0.342331,0.116525,-0.957578,-17117,5826,-47879,38.6,6.0,18081,161.2,-47879,51179,-69.3,CPicoNanoTesla
2026-08-05 12:54:00,-0.342309,0.116534,-0.957556,-17115,5827,-47878,38.6,6.0,18080,161.2,-47878,51178,-69.3,CPicoNanoTesla
2026-08-05 12:55:00,-0.342347,0.116606,-0.957641,-17117,5830,-47882,38.6,6.0,18083,161.2,-47882,51183,-69.3,CPicoNanoTesla
2026-08-05 12:56:00,-0.342306,0.116628,-0.957669,-17115,5831,-47883,38.6,6.0,18081,161.2,-47883,51184,-69.3,CPicoNanoTesla
2026-08-05 12:57:00,-0.342294,0.116625,-0.957659,-17115,5831,-47883,38.5,6.0,18081,161.2,-47883,51183,-69.3,CPicoNanoTesla
2026-08-05 12:58:00,-0.342281,0.116641,-0.957666,-17114,5832,-47883,38.5,6.0,18080,161.2,-47883,51183,-69.3,CPicoNanoTesla
2026-08-05 12:59:00,-0.342225,0.116653,-0.957697,-17111,5833,-47885,38.5,6.0,18078,161.2,-47885,51184,-69.3,CPicoNanoTesla
2026-08-05 13:00:00,-0.342278,0.116688,-0.957697,-17114,5834,-47885,38.6,3.0,18081,161.2,-47885,51185,-69.3,CPicoNanoTesla
2026-08-05 13:01:00,-0.342278,0.116656,-0.957634,-17114,5833,-47882,38.6,3.0,18081,161.2,-47882,51182,-69.3,CPicoNanoTesla
2026-08-05 13:02:00,-0.342275,0.116647,-0.957647,-17114,5832,-47882,38.6,3.0,18080,161.2,-47882,51182,-69.3,CPicoNanoTesla
2026-08-05 13:03:00,-0.342306,0.116763,-0.957656,-17115,5838,-47883,38.7,3.0,18084,161.2,-47883,51184,-69.3,CPicoNanoTesla
2026-08-05 13:04:00,-0.342350,0.116697,-0.957637,-17118,5835,-47882,38.7,5.0,18085,161.2,-47882,51183,-69.3,CPicoNanoTesla
2026-08-05 13:05:00,-0.342300,0.116684,-0.957656,-17115,5834,-47883,38.7,5.0,18082,161.2,-47883,51183,-69.3,CPicoNanoTesla
2026-08-05 13:06:00,-0.342372,0.116609,-0.957659,-17119,5830,-47883,38.7,5.0,18084,161.2,-47883,51184,-69.3,CPicoNanoTesla
2026-08-05 13:07:00,-0.342306,0.116634,-0.957750,-17115,5832,-47888,38.8,5.0,18082,161.2,-47888,51187,-69.3,CPicoNanoTesla
2026-08-05 13:08:00,-0.342334,0.116609,-0.957694,-17117,5830,-47885,38.8,6.0,18082,161.2,-47885,51185,-69.3,CPicoNanoTesla
2026-08-05 13:09:00,-0.342359,0.116644,-0.957700,-17118,5832,-47885,38.9,6.0,18084,161.2,-47885,51186,-69.3,CPicoNanoTesla
2026-08-05 13:10:00,-0.342356,0.116613,-0.957706,-17118,5831,-47885,38.9,6.0,18084,161.2,-47885,51186,-69.3,CPicoNanoTesla
2026-08-05 13:11:00,-0.342291,0.116591,-0.957731,-17115,5830,-47887,38.9,6.0,18080,161.2,-47887,51186,-69.3,CPicoNanoTesla
2026-08-05 13:12:00,-0.342291,0.116672,-0.957741,-17115,5834,-47887,38.9,6.0,18081,161.2,-47887,51187,-69.3,CPicoNanoTesla
2026-08-05 13:13:00,-0.342309,0.116691,-0.957784,-17115,5835,-47889,38.9,6.0,18083,161.2,-47889,51189,-69.3,CPicoNanoTesla
2026-08-05 13:14:00,-0.342250,0.116622,-0.957769,-17112,5831,-47888,38.9,6.0,18079,161.2,-47888,51187,-69.3,CPicoNanoTesla
2026-08-05 13:15:00,-0.342309,0.116681,-0.957747,-17115,5834,-47887,38.9,6.0,18082,161.2,-47887,51188,-69.3,CPicoNanoTesla
2026-08-05 13:16:00,-0.342281,0.116653,-0.957722,-17114,5833,-47886,38.8,6.0,18081,161.2,-47886,51186,-69.3,CPicoNanoTesla
2026-08-05 13:17:00,-0.342234,0.116569,-0.957753,-17112,5828,-47888,38.8,6.0,18077,161.2,-47888,51186,-69.3,CPicoNanoTesla
2026-08-05 13:18:00,-0.342300,0.116663,-0.957713,-17115,5833,-47886,38.8,6.0,18082,161.2,-47886,51186,-69.3,CPicoNanoTesla
2026-08-05 13:19:00,-0.342309,0.116659,-0.957731,-17115,5833,-47887,38.8,6.0,18082,161.2,-47887,51187,-69.3,CPicoNanoTesla
2026-08-05 13:20:00,-0.342281,0.116694,-0.957722,-17114,5835,-47886,38.8,6.0,18081,161.2,-47886,51186,-69.3,CPicoNanoTesla
2026-08-05 13:21:00,-0.342319,0.116753,-0.957716,-17116,5838,-47886,38.8,6.0,18084,161.2,-47886,51187,-69.3,CPicoNanoTesla
2026-08-05 13:22:00,-0.342306,0.116750,-0.957713,-17115,5838,-47886,38.8,6.0,18083,161.2,-47886,51186,-69.3,CPicoNanoTesla
2026-08-05 13:23:00,-0.342303,0.116700,-0.957738,-17115,5835,-47887,38.8,6.0,18082,161.2,-47887,51187,-69.3,CPicoNanoTesla
2026-08-05 13:24:00,-0.342287,0.116672,-0.957766,-17114,5834,-47888,38.8,6.0,18081,161.2,-47888,51188,-69.3,CPicoNanoTesla
2026-08-05 13:25:00,-0.342263,0.116663,-0.957709,-17113,5833,-47885,38.8,6.0,18080,161.2,-47885,51185,-69.3,CPicoNanoTesla
2026-08-05 13:26:00,-0.342216,0.116609,-0.957625,-17111,5830,-47881,38.7,6.0,18077,161.2,-47881,51180,-69.3,CPicoNanoTesla
2026-08-05 13:27:00,-0.342234,0.116638,-0.957631,-17112,5832,-47882,38.7,6.0,18078,161.2,-47882,51181,-69.3,CPicoNanoTesla
2026-08-05 13:28:00,-0.342228,0.116647,-0.957666,-17111,5832,-47883,38.6,6.0,18078,161.2,-47883,51182,-69.3,CPicoNanoTesla
2026-08-05 13:29:00,-0.342250,0.116656,-0.957631,-17112,5833,-47882,38.6,6.0,18079,161.2,-47882,51181,-69.3,CPicoNanoTesla
2026-08-05 13:30:00,-0.342200,0.116672,-0.957631,-17110,5834,-47882,38.5,6.0,18077,161.2,-47882,51180,-69.3,CPicoNanoTesla
2026-08-05 13:31:00,-0.342188,0.116675,-0.957706,-17109,5834,-47885,38.5,6.0,18077,161.2,-47885,51184,-69.3,CPicoNanoTesla
2026-08-05 13:32:00,-0.342244,0.116613,-0.957675,-17112,5831,-47884,38.5,6.0,18078,161.2,-47884,51183,-69.3,CPicoNanoTesla
2026-08-05 13:33:00,-0.342244,0.116616,-0.957647,-17112,5831,-47882,38.4,6.0,18078,161.2,-47882,51181,-69.3,CPicoNanoTesla
2026-08-05 13:34:00,-0.342194,0.116581,-0.957663,-17110,5829,-47883,38.4,6.0,18075,161.2,-47883,51181,-69.3,CPicoNanoTesla
2026-08-05 13:35:00,-0.342175,0.116591,-0.957688,-17109,5830,-47884,38.4,6.0,18075,161.2,-47884,51182,-69.3,CPicoNanoTesla
2026-08-05 13:36:00,-0.342188,0.116559,-0.957697,-17109,5828,-47885,38.4,6.0,18075,161.2,-47885,51183,-69.3,CPicoNanoTesla
2026-08-05 13:37:00,-0.342191,0.116584,-0.957694,-17110,5829,-47885,38.3,6.0,18075,161.2,-47885,51183,-69.3,CPicoNanoTesla
2026-08-05 13:38:00,-0.342222,0.116563,-0.957637,-17111,5828,-47882,38.3,6.0,18076,161.2,-47882,51180,-69.3,CPicoNanoTesla
2026-08-05 13:39:00,-0.342147,0.116578,-0.957647,-17107,5829,-47882,38.2,6.0,18073,161.2,-47882,51180,-69.3,CPicoNanoTesla
2026-08-05 13:40:00,-0.342231,0.116619,-0.957578,-17112,5831,-47879,38.2,6.0,18078,161.2,-47879,51178,-69.3,CPicoNanoTesla
2026-08-05 13:41:00,-0.342175,0.116663,-0.957644,-17109,5833,-47882,38.2,6.0,18076,161.2,-47882,51180,-69.3,CPicoNanoTesla
2026-08-05 13:42:00,-0.342169,0.116603,-0.957609,-17108,5830,-47880,38.2,6.0,18075,161.2,-47880,51178,-69.3,CPicoNanoTesla
2026-08-05 13:43:00,-0.342163,0.116603,-0.957637,-17108,5830,-47882,38.1,6.0,18074,161.2,-47882,51180,-69.3,CPicoNanoTesla
2026-08-05 13:44:00,-0.342141,0.116628,-0.957691,-17107,5831,-47885,38.1,6.0,18074,161.2,-47885,51182,-69.3,CPicoNanoTesla
2026-08-05 13:45:00,-0.342150,0.116600,-0.957603,-17108,5830,-47880,38.1,6.0,18074,161.2,-47880,51178,-69.3,CPicoNanoTesla
2026-08-05 13:46:00,-0.342178,0.116625,-0.957513,-17109,5831,-47876,38.1,6.0,18075,161.2,-47876,51174,-69.3,CPicoNanoTesla
2026-08-05 13:47:00,-0.342147,0.116553,-0.957525,-17107,5828,-47876,38.0,6.0,18073,161.2,-47876,51174,-69.3,CPicoNanoTesla
2026-08-05 13:48:00,-0.342000,0.116556,-0.957559,-17100,5828,-47878,38.0,6.0,18066,161.2,-47878,51173,-69.3,CPicoNanoTesla
2026-08-05 13:49:00,-0.342125,0.116553,-0.957550,-17106,5828,-47878,37.9,6.0,18072,161.2,-47878,51175,-69.3,CPicoNanoTesla
2026-08-05 13:50:00,-0.342156,0.116559,-0.957509,-17108,5828,-47875,37.9,6.0,18073,161.2,-47875,51173,-69.3,CPicoNanoTesla
2026-08-05 13:51:00,-0.342169,0.116575,-0.957594,-17108,5829,-47880,37.9,6.0,18074,161.2,-47880,51178,-69.3,CPicoNanoTesla
2026-08-05 13:52:00,-0.342141,0.116575,-0.957569,-17107,5829,-47878,37.9,6.0,18073,161.2,-47878,51176,-69.3,CPicoNanoTesla
2026-08-05 13:53:00,-0.342116,0.116500,-0.957563,-17106,5825,-47878,37.8,6.0,18070,161.2,-47878,51175,-69.3,CPicoNanoTesla
2026-08-05 13:54:00,-0.342091,0.116556,-0.957591,-17105,5828,-47880,37.8,6.0,18070,161.2,-47880,51176,-69.3,CPicoNanoTesla
2026-08-05 13:55:00,-0.342088,0.116522,-0.957541,-17104,5826,-47877,37.7,6.0,18069,161.2,-47877,51173,-69.3,CPicoNanoTesla
2026-08-05 13:56:00,-0.342106,0.116506,-0.957513,-17105,5825,-47876,37.7,6.0,18070,161.2,-47876,51172,-69.3,CPicoNanoTesla
2026-08-05 13:57:00,-0.342075,0.116553,-0.957488,-17104,5828,-47874,37.6,6.0,18069,161.2,-47874,51171,-69.3,CPicoNanoTesla
2026-08-05 13:58:00,-0.342053,0.116531,-0.957438,-17103,5827,-47872,37.6,6.0,18068,161.2,-47872,51168,-69.3,CPicoNanoTesla
2026-08-05 13:59:00,-0.342091,0.116559,-0.957466,-17105,5828,-47873,37.5,6.0,18070,161.2,-47873,51170,-69.3,CPicoNanoTesla
2026-08-05 14:00:00,-0.342053,0.116569,-0.957450,-17103,5828,-47872,37.5,2.0,18069,161.2,-47872,51169,-69.3,CPicoNanoTesla
2026-08-05 14:01:00,-0.342100,0.116600,-0.957428,-17105,5830,-47871,37.4,3.0,18071,161.2,-47871,51169,-69.3,CPicoNanoTesla
2026-08-05 14:02:00,-0.342066,0.116594,-0.957434,-17103,5830,-47872,37.4,3.0,18070,161.2,-47872,51168,-69.3,CPicoNanoTesla
2026-08-05 14:03:00,-0.342041,0.116622,-0.957463,-17102,5831,-47873,37.4,3.0,18069,161.2,-47873,51169,-69.3,CPicoNanoTesla
2026-08-05 14:04:00,-0.342088,0.116619,-0.957484,-17104,5831,-47874,37.4,3.0,18071,161.2,-47874,51171,-69.3,CPicoNanoTesla
2026-08-05 14:05:00,-0.342072,0.116603,-0.957419,-17104,5830,-47871,37.4,3.0,18070,161.2,-47871,51168,-69.3,CPicoNanoTesla
2026-08-05 14:06:00,-0.342016,0.116628,-0.957491,-17101,5831,-47875,37.4,3.0,18068,161.2,-47875,51170,-69.3,CPicoNanoTesla
2026-08-05 14:07:00,-0.341991,0.116634,-0.957491,-17100,5832,-47875,37.4,3.0,18067,161.2,-47875,51170,-69.3,CPicoNanoTesla
2026-08-05 14:08:00,-0.342050,0.116603,-0.957500,-17102,5830,-47875,37.4,3.0,18069,161.2,-47875,51171,-69.3,CPicoNanoTesla
2026-08-05 14:09:00,-0.342063,0.116631,-0.957481,-17103,5832,-47874,37.4,3.0,18070,161.2,-47874,51171,-69.3,CPicoNanoTesla
2026-08-05 14:10:00,-0.342047,0.116663,-0.957469,-17102,5833,-47873,37.4,3.0,18070,161.2,-47873,51170,-69.3,CPicoNanoTesla
2026-08-05 14:11:00,-0.342116,0.116609,-0.957506,-17106,5830,-47875,37.4,3.0,18072,161.2,-47875,51173,-69.3,CPicoNanoTesla
2026-08-05 14:12:00,-0.342122,0.116638,-0.957547,-17106,5832,-47877,37.5,3.0,18073,161.2,-47877,51175,-69.3,CPicoNanoTesla
2026-08-05 14:13:00,-0.342119,0.116613,-0.957503,-17106,5831,-47875,37.5,3.0,18072,161.2,-47875,51173,-69.3,CPicoNanoTesla
2026-08-05 14:14:00,-0.342116,0.116634,-0.957497,-17106,5832,-47875,37.5,3.0,18073,161.2,-47875,51172,-69.3,CPicoNanoTesla
2026-08-05 14:15:00,-0.342128,0.116600,-0.957506,-17106,5830,-47875,37.6,3.0,18073,161.2,-47875,51173,-69.3,CPicoNanoTesla
2026-08-05 14:16:00,-0.342113,0.116566,-0.957556,-17106,5828,-47878,37.6,3.0,18071,161.2,-47878,51175,-69.3,CPicoNanoTesla
2026-08-05 14:17:00,-0.342122,0.116566,-0.957519,-17106,5828,-47876,37.6,5.0,18072,161.2,-47876,51173,-69.3,CPicoNanoTesla
2026-08-05 14:18:00,-0.342047,0.116556,-0.957419,-17102,5828,-47871,37.6,5.0,18068,161.2,-47871,51167,-69.3,CPicoNanoTesla
2026-08-05 14:19:00,-0.342100,0.116575,-0.957469,-17105,5829,-47873,37.6,5.0,18071,161.2,-47873,51171,-69.3,CPicoNanoTesla
2026-08-05 14:20:00,-0.342116,0.116603,-0.957541,-17106,5830,-47877,37.6,5.0,18072,161.2,-47877,51174,-69.3,CPicoNanoTesla
2026-08-05 14:21:00,-0.342119,0.116625,-0.957603,-17106,5831,-47880,37.7,5.0,18073,161.2,-47880,51177,-69.3,CPicoNanoTesla
2026-08-05 14:22:00,-0.342109,0.116591,-0.957581,-17105,5830,-47879,37.7,5.0,18072,161.2,-47879,51176,-69.3,CPicoNanoTesla
2026-08-05 14:23:00,-0.342097,0.116597,-0.957494,-17105,5830,-47875,37.7,5.0,18071,161.2,-47875,51172,-69.3,CPicoNanoTesla
2026-08-05 14:24:00,-0.342084,0.116625,-0.957516,-17104,5831,-47876,37.7,5.0,18071,161.2,-47876,51173,-69.3,CPicoNanoTesla
2026-08-05 14:25:00,-0.342069,0.116569,-0.957594,-17103,5828,-47880,37.7,5.0,18069,161.2,-47880,51176,-69.3,CPicoNanoTesla
2026-08-05 14:26:00,-0.342150,0.116631,-0.957556,-17108,5832,-47878,37.7,5.0,18074,161.2,-47878,51176,-69.3,CPicoNanoTesla
2026-08-05 14:27:00,-0.342100,0.116594,-0.957556,-17105,5830,-47878,37.7,5.0,18071,161.2,-47878,51175,-69.3,CPicoNanoTesla
2026-08-05 14:28:00,-0.342063,0.116588,-0.957609,-17103,5829,-47880,37.7,5.0,18069,161.2,-47880,51177,-69.3,CPicoNanoTesla
2026-08-05 14:29:00,-0.342144,0.116550,-0.957588,-17107,5828,-47879,37.8,5.0,18073,161.2,-47879,51177,-69.3,CPicoNanoTesla
2026-08-05 14:30:00,-0.342106,0.116575,-0.957606,-17105,5829,-47880,37.8,5.0,18071,161.2,-47880,51177,-69.3,CPicoNanoTesla
2026-08-05 14:31:00,-0.342159,0.116563,-0.957544,-17108,5828,-47877,37.8,5.0,18073,161.2,-47877,51175,-69.3,CPicoNanoTesla
2026-08-05 14:32:00,-0.342100,0.116537,-0.957659,-17105,5827,-47883,37.7,5.0,18070,161.2,-47883,51179,-69.3,CPicoNanoTesla
2026-08-05 14:33:00,-0.342131,0.116537,-0.957603,-17107,5827,-47880,37.7,5.0,18072,161.2,-47880,51177,-69.3,CPicoNanoTesla
2026-08-05 14:34:00,-0.342088,0.116572,-0.957606,-17104,5829,-47880,37.7,5.0,18070,161.2,-47880,51177,-69.3,CPicoNanoTesla
2026-08-05 14:35:00,-0.342072,0.116563,-0.957609,-17104,5828,-47880,37.7,5.0,18069,161.2,-47880,51177,-69.3,CPicoNanoTesla
2026-08-05 14:36:00,-0.342069,0.116563,-0.957656,-17103,5828,-47883,37.7,5.0,18069,161.2,-47883,51179,-69.3,CPicoNanoTesla
2026-08-05 14:37:00,-0.342144,0.116547,-0.957641,-17107,5827,-47882,37.7,5.0,18072,161.2,-47882,51179,-69.3,CPicoNanoTesla
2026-08-05 14:38:00,-0.342056,0.116569,-0.957584,-17103,5828,-47879,37.7,6.0,18069,161.2,-47879,51175,-69.3,CPicoNanoTesla
2026-08-05 14:39:00,-0.342125,0.116547,-0.957556,-17106,5827,-47878,37.7,6.0,18072,161.2,-47878,51175,-69.3,CPicoNanoTesla
2026-08-05 14:40:00,-0.342100,0.116541,-0.957513,-17105,5827,-47876,37.7,6.0,18070,161.2,-47876,51172,-69.3,CPicoNanoTesla
2026-08-05 14:41:00,-0.342116,0.116578,-0.957434,-17106,5829,-47872,37.6,6.0,18072,161.2,-47872,51169,-69.3,CPicoNanoTesla
2026-08-05 14:42:00,-0.342141,0.116569,-0.957444,-17107,5828,-47872,37.6,6.0,18073,161.2,-47872,51170,-69.3,CPicoNanoTesla
2026-08-05 14:43:00,-0.342097,0.116594,-0.957481,-17105,5830,-47874,37.6,6.0,18071,161.2,-47874,51171,-69.3,CPicoNanoTesla
2026-08-05 14:44:00,-0.342094,0.116541,-0.957488,-17105,5827,-47874,37.5,6.0,18070,161.2,-47874,51171,-69.3,CPicoNanoTesla
2026-08-05 14:45:00,-0.342094,0.116588,-0.957419,-17105,5829,-47871,37.5,6.0,18071,161.2,-47871,51168,-69.3,CPicoNanoTesla
2026-08-05 14:46:00,-0.342050,0.116625,-0.957428,-17102,5831,-47871,37.4,6.0,18069,161.2,-47871,51168,-69.3,CPicoNanoTesla
2026-08-05 14:47:00,-0.342103,0.116597,-0.957428,-17105,5830,-47871,37.4,6.0,18071,161.2,-47871,51169,-69.3,CPicoNanoTesla
2026-08-05 14:48:00,-0.342094,0.116588,-0.957416,-17105,5829,-47871,37.4,6.0,18071,161.2,-47871,51168,-69.3,CPicoNanoTesla
2026-08-05 14:49:00,-0.342150,0.116591,-0.957410,-17108,5830,-47870,37.4,6.0,18073,161.2,-47870,51169,-69.3,CPicoNanoTesla
2026-08-05 14:50:00,-0.342141,0.116559,-0.957469,-17107,5828,-47873,37.4,6.0,18073,161.2,-47873,51171,-69.3,CPicoNanoTesla
2026-08-05 14:51:00,-0.342134,0.116613,-0.957488,-17107,5831,-47874,37.4,6.0,18073,161.2,-47874,51172,-69.3,CPicoNanoTesla
2026-08-05 14:52:00,-0.342156,0.116569,-0.957488,-17108,5828,-47874,37.4,6.0,18073,161.2,-47874,51172,-69.3,CPicoNanoTesla
2026-08-05 14:53:00,-0.342119,0.116550,-0.957503,-17106,5828,-47875,37.4,6.0,18071,161.2,-47875,51172,-69.3,CPicoNanoTesla
2026-08-05 14:54:00,-0.342138,0.116597,-0.957506,-17107,5830,-47875,37.4,6.0,18073,161.2,-47875,51173,-69.3,CPicoNanoTesla
2026-08-05 14:55:00,-0.342094,0.116603,-0.957509,-17105,5830,-47875,37.4,6.0,18071,161.2,-47875,51172,-69.3,CPicoNanoTesla
2026-08-05 14:56:00,-0.342088,0.116550,-0.957522,-17104,5828,-47876,37.4,6.0,18070,161.2,-47876,51173,-69.3,CPicoNanoTesla
2026-08-05 14:57:00,-0.342094,0.116566,-0.957556,-17105,5828,-47878,37.4,6.0,18070,161.2,-47878,51174,-69.3,CPicoNanoTesla
2026-08-05 14:58:00,-0.342088,0.116547,-0.957519,-17104,5827,-47876,37.4,6.0,18070,161.2,-47876,51172,-69.3,CPicoNanoTesla
2026-08-05 14:59:00,-0.342109,0.116497,-0.957516,-17105,5825,-47876,37.4,6.0,18070,161.2,-47876,51172,-69.3,CPicoNanoTesla
2026-08-05 15:00:00,-0.342134,0.116528,-0.957550,-17107,5826,-47878,37.4,1.0,18072,161.2,-47878,51175,-69.3,CPicoNanoTesla
2026-08-05 15:01:00,-0.342122,0.116525,-0.957506,-17106,5826,-47875,37.3,1.0,18071,161.2,-47875,51172,-69.3,CPicoNanoTesla
2026-08-05 15:02:00,-0.342131,0.116528,-0.957456,-17107,5826,-47873,37.3,2.0,18072,161.2,-47873,51170,-69.3,CPicoNanoTesla
2026-08-05 15:03:00,-0.342066,0.116531,-0.957416,-17103,5827,-47871,37.3,3.0,18069,161.2,-47871,51167,-69.3,CPicoNanoTesla
2026-08-05 15:04:00,-0.342053,0.116531,-0.957506,-17103,5827,-47875,37.3,3.0,18068,161.2,-47875,51171,-69.3,CPicoNanoTesla
2026-08-05 15:05:00,-0.342081,0.116506,-0.957419,-17104,5825,-47871,37.3,3.0,18069,161.2,-47871,51167,-69.3,CPicoNanoTesla
2026-08-05 15:06:00,-0.342037,0.116516,-0.957388,-17102,5826,-47869,37.2,4.0,18067,161.2,-47869,51165,-69.3,CPicoNanoTesla
2026-08-05 15:07:00,-0.342044,0.116469,-0.957519,-17102,5823,-47876,37.2,5.0,18066,161.2,-47876,51171,-69.3,CPicoNanoTesla
2026-08-05 15:08:00,-0.342022,0.116513,-0.957491,-17101,5826,-47875,37.2,5.0,18066,161.2,-47875,51170,-69.3,CPicoNanoTesla
2026-08-05 15:09:00,-0.342069,0.116531,-0.957472,-17103,5827,-47874,37.2,5.0,18069,161.2,-47874,51170,-69.3,CPicoNanoTesla
2026-08-05 15:10:00,-0.342031,0.116503,-0.957472,-17102,5825,-47874,37.1,5.0,18066,161.2,-47874,51169,-69.3,CPicoNanoTesla
2026-08-05 15:11:00,-0.342006,0.116481,-0.957428,-17100,5824,-47871,37.1,5.0,18065,161.2,-47871,51167,-69.3,CPicoNanoTesla
2026-08-05 15:12:00,-0.342022,0.116434,-0.957391,-17101,5822,-47870,37.1,5.0,18065,161.2,-47870,51165,-69.3,CPicoNanoTesla
2026-08-05 15:13:00,-0.342050,0.116450,-0.957450,-17102,5822,-47872,37.1,5.0,18066,161.2,-47872,51168,-69.3,CPicoNanoTesla
2026-08-05 15:14:00,-0.341984,0.116500,-0.957472,-17099,5825,-47874,37.0,5.0,18064,161.2,-47874,51168,-69.3,CPicoNanoTesla
2026-08-05 15:15:00,-0.342081,0.116463,-0.957494,-17104,5823,-47875,37.0,5.0,18068,161.2,-47875,51171,-69.3,CPicoNanoTesla
2026-08-05 15:16:00,-0.342050,0.116494,-0.957516,-17102,5825,-47876,37.0,5.0,18067,161.2,-47876,51171,-69.3,CPicoNanoTesla
2026-08-05 15:17:00,-0.342066,0.116494,-0.957500,-17103,5825,-47875,37.0,5.0,18068,161.2,-47875,51171,-69.3,CPicoNanoTesla
2026-08-05 15:18:00,-0.342022,0.116425,-0.957456,-17101,5821,-47873,37.0,5.0,18065,161.2,-47873,51168,-69.3,CPicoNanoTesla
2026-08-05 15:19:00,-0.342044,0.116453,-0.957466,-17102,5823,-47873,37.0,5.0,18066,161.2,-47873,51169,-69.3,CPicoNanoTesla
2026-08-05 15:20:00,-0.341997,0.116397,-0.957413,-17100,5820,-47871,37.0,5.0,18063,161.2,-47871,51165,-69.3,CPicoNanoTesla
2026-08-05 15:21:00,-0.342028,0.116356,-0.957391,-17101,5818,-47870,37.0,5.0,18064,161.2,-47870,51164,-69.3,CPicoNanoTesla
2026-08-05 15:22:00,-0.341997,0.116384,-0.957403,-17100,5819,-47870,36.9,5.0,18063,161.2,-47870,51165,-69.3,CPicoNanoTesla
2026-08-05 15:23:00,-0.342013,0.116403,-0.957469,-17101,5820,-47873,36.9,5.0,18064,161.2,-47873,51168,-69.3,CPicoNanoTesla
2026-08-05 15:24:00,-0.341956,0.116456,-0.957441,-17098,5823,-47872,36.9,5.0,18062,161.2,-47872,51166,-69.3,CPicoNanoTesla
2026-08-05 15:25:00,-0.342034,0.116372,-0.957409,-17102,5819,-47870,36.9,5.0,18064,161.2,-47870,51165,-69.3,CPicoNanoTesla
2026-08-05 15:26:00,-0.342006,0.116353,-0.957428,-17100,5818,-47871,36.9,5.0,18063,161.2,-47871,51166,-69.3,CPicoNanoTesla
2026-08-05 15:27:00,-0.342037,0.116425,-0.957381,-17102,5821,-47869,36.9,5.0,18065,161.2,-47869,51165,-69.3,CPicoNanoTesla
2026-08-05 15:28:00,-0.341975,0.116438,-0.957491,-17099,5822,-47875,36.9,5.0,18063,161.2,-47875,51169,-69.3,CPicoNanoTesla
2026-08-05 15:29:00,-0.341997,0.116384,-0.957463,-17100,5819,-47873,36.9,5.0,18063,161.2,-47873,51167,-69.3,CPicoNanoTesla
2026-08-05 15:30:00,-0.342028,0.116397,-0.957431,-17101,5820,-47872,36.8,5.0,18065,161.2,-47872,51167,-69.3,CPicoNanoTesla
2026-08-05 15:31:00,-0.342022,0.116366,-0.957453,-17101,5818,-47873,36.8,5.0,18064,161.2,-47873,51167,-69.3,CPicoNanoTesla
2026-08-05 15:32:00,-0.341978,0.116369,-0.957428,-17099,5818,-47871,36.8,5.0,18062,161.2,-47871,51165,-69.3,CPicoNanoTesla
2026-08-05 15:33:00,-0.342037,0.116400,-0.957450,-17102,5820,-47872,36.8,5.0,18065,161.2,-47872,51168,-69.3,CPicoNanoTesla
2026-08-05 15:34:00,-0.342069,0.116403,-0.957413,-17103,5820,-47871,36.8,5.0,18067,161.2,-47871,51166,-69.3,CPicoNanoTesla
2026-08-05 15:35:00,-0.342109,0.116388,-0.957410,-17105,5819,-47870,36.7,5.0,18068,161.2,-47870,51167,-69.3,CPicoNanoTesla
2026-08-05 15:36:00,-0.342078,0.116453,-0.957388,-17104,5823,-47869,36.7,5.0,18068,161.2,-47869,51166,-69.3,CPicoNanoTesla
2026-08-05 15:37:00,-0.342075,0.116475,-0.957447,-17104,5824,-47872,36.7,5.0,18068,161.2,-47872,51169,-69.3,CPicoNanoTesla
2026-08-05 15:38:00,-0.342116,0.116481,-0.957303,-17106,5824,-47865,36.7,5.0,18070,161.2,-47865,51162,-69.3,CPicoNanoTesla
2026-08-05 15:39:00,-0.342119,0.116469,-0.957319,-17106,5823,-47866,36.6,5.0,18070,161.2,-47866,51163,-69.3,CPicoNanoTesla
2026-08-05 15:40:00,-0.342103,0.116437,-0.957353,-17105,5822,-47868,36.6,5.0,18069,161.2,-47868,51164,-69.3,CPicoNanoTesla
2026-08-05 15:41:00,-0.342047,0.116469,-0.957381,-17102,5823,-47869,36.6,5.0,18067,161.2,-47869,51165,-69.3,CPicoNanoTesla
2026-08-05 15:42:00,-0.342156,0.116419,-0.957409,-17108,5821,-47870,36.6,5.0,18071,161.2,-47870,51168,-69.3,CPicoNanoTesla
2026-08-05 15:43:00,-0.342066,0.116472,-0.957341,-17103,5824,-47867,36.6,5.0,18068,161.2,-47867,51163,-69.3,CPicoNanoTesla
2026-08-05 15:44:00,-0.342053,0.116403,-0.957506,-17103,5820,-47875,36.6,5.0,18066,161.2,-47875,51171,-69.3,CPicoNanoTesla
2026-08-05 15:45:00,-0.342034,0.116403,-0.957447,-17102,5820,-47872,36.6,5.0,18065,161.2,-47872,51167,-69.3,CPicoNanoTesla
2026-08-05 15:46:00,-0.342016,0.116381,-0.957450,-17101,5819,-47872,36.6,5.0,18064,161.2,-47872,51167,-69.3,CPicoNanoTesla
2026-08-05 15:47:00,-0.342063,0.116375,-0.957478,-17103,5819,-47874,36.5,5.0,18066,161.2,-47874,51169,-69.3,CPicoNanoTesla
2026-08-05 15:48:00,-0.341991,0.116369,-0.957556,-17100,5818,-47878,36.5,5.0,18062,161.2,-47878,51172,-69.3,CPicoNanoTesla
2026-08-05 15:49:00,-0.341947,0.116338,-0.957541,-17097,5817,-47877,36.5,5.0,18060,161.2,-47877,51170,-69.3,CPicoNanoTesla
2026-08-05 15:50:00,-0.342000,0.116334,-0.957410,-17100,5817,-47870,36.5,5.0,18062,161.2,-47870,51165,-69.3,CPicoNanoTesla
2026-08-05 15:51:00,-0.341994,0.116350,-0.957450,-17100,5818,-47872,36.5,5.0,18062,161.2,-47872,51167,-69.3,CPicoNanoTesla
2026-08-05 15:52:00,-0.342025,0.116303,-0.957438,-17101,5815,-47872,36.5,5.0,18063,161.2,-47872,51166,-69.3,CPicoNanoTesla
2026-08-05 15:53:00,-0.342053,0.116303,-0.957516,-17103,5815,-47876,36.5,5.0,18064,161.2,-47876,51170,-69.3,CPicoNanoTesla
2026-08-05 15:54:00,-0.342047,0.116269,-0.957416,-17102,5813,-47871,36.4,5.0,18063,161.2,-47871,51165,-69.3,CPicoNanoTesla
2026-08-05 15:55:00,-0.342081,0.116294,-0.957453,-17104,5815,-47873,36.4,5.0,18065,161.2,-47873,51168,-69.3,CPicoNanoTesla
2026-08-05 15:56:00,-0.342009,0.116300,-0.957497,-17100,5815,-47875,36.4,5.0,18062,161.2,-47875,51169,-69.3,CPicoNanoTesla
2026-08-05 15:57:00,-0.342016,0.116334,-0.957494,-17101,5817,-47875,36.4,5.0,18063,161.2,-47875,51169,-69.3,CPicoNanoTesla
2026-08-05 15:58:00,-0.342013,0.116278,-0.957472,-17101,5814,-47874,36.4,5.0,18062,161.2,-47874,51168,-69.3,CPicoNanoTesla
2026-08-05 15:59:00,-0.342013,0.116259,-0.957538,-17101,5813,-47877,36.4,5.0,18062,161.2,-47877,51170,-69.3,CPicoNanoTesla
2026-08-05 16:00:00,-0.342003,0.116278,-0.957478,-17100,5814,-47874,36.4,4.0,18061,161.2,-47874,51168,-69.3,CPicoNanoTesla
2026-08-05 16:01:00,-0.342041,0.116297,-0.957509,-17102,5815,-47875,36.4,4.0,18064,161.2,-47875,51170,-69.3,CPicoNanoTesla
2026-08-05 16:02:00,-0.342037,0.116281,-0.957466,-17102,5814,-47873,36.4,4.0,18063,161.2,-47873,51168,-69.3,CPicoNanoTesla
2026-08-05 16:03:00,-0.342088,0.116253,-0.957500,-17104,5813,-47875,36.4,4.0,18065,161.2,-47875,51170,-69.3,CPicoNanoTesla
2026-08-05 16:04:00,-0.341956,0.116231,-0.957494,-17098,5812,-47875,36.4,7.0,18058,161.2,-47875,51167,-69.3,CPicoNanoTesla
2026-08-05 16:05:00,-0.342022,0.116269,-0.957503,-17101,5813,-47875,36.4,7.0,18062,161.2,-47875,51169,-69.3,CPicoNanoTesla
2026-08-05 16:06:00,-0.341978,0.116247,-0.957478,-17099,5812,-47874,36.4,7.0,18060,161.2,-47874,51167,-69.3,CPicoNanoTesla
2026-08-05 16:07:00,-0.342000,0.116278,-0.957500,-17100,5814,-47875,36.4,7.0,18061,161.2,-47875,51169,-69.3,CPicoNanoTesla
2026-08-05 16:08:00,-0.342053,0.116241,-0.957466,-17103,5812,-47873,36.4,7.0,18063,161.2,-47873,51168,-69.3,CPicoNanoTesla
2026-08-05 16:09:00,-0.342059,0.116269,-0.957556,-17103,5813,-47878,36.4,7.0,18064,161.2,-47878,51172,-69.3,CPicoNanoTesla
2026-08-05 16:10:00,-0.342056,0.116234,-0.957578,-17103,5812,-47879,36.4,7.0,18063,161.2,-47879,51173,-69.3,CPicoNanoTesla
2026-08-05 16:11:00,-0.342034,0.116184,-0.957544,-17102,5809,-47877,36.4,7.0,18061,161.2,-47877,51171,-69.3,CPicoNanoTesla
2026-08-05 16:12:00,-0.342031,0.116253,-0.957606,-17102,5813,-47880,36.4,7.0,18062,161.2,-47880,51174,-69.3,CPicoNanoTesla
2026-08-05 16:13:00,-0.342116,0.116247,-0.957631,-17106,5812,-47882,36.4,7.0,18066,161.2,-47882,51177,-69.3,CPicoNanoTesla
2026-08-05 16:14:00,-0.342072,0.116191,-0.957663,-17104,5810,-47883,36.4,7.0,18063,161.2,-47883,51177,-69.3,CPicoNanoTesla
2026-08-05 16:15:00,-0.342084,0.116150,-0.957541,-17104,5808,-47877,36.4,7.0,18063,161.2,-47877,51171,-69.3,CPicoNanoTesla
2026-08-05 16:16:00,-0.342063,0.116250,-0.957544,-17103,5812,-47877,36.3,7.0,18064,161.2,-47877,51172,-69.3,CPicoNanoTesla
2026-08-05 16:17:00,-0.342081,0.116172,-0.957450,-17104,5809,-47872,36.3,7.0,18063,161.2,-47872,51167,-69.3,CPicoNanoTesla
2026-08-05 16:18:00,-0.342081,0.116169,-0.957463,-17104,5808,-47873,36.3,7.0,18063,161.2,-47873,51168,-69.3,CPicoNanoTesla
2026-08-05 16:19:00,-0.342063,0.116134,-0.957531,-17103,5807,-47877,36.3,7.0,18062,161.2,-47877,51170,-69.3,CPicoNanoTesla
2026-08-05 16:20:00,-0.342013,0.116172,-0.957453,-17101,5809,-47873,36.2,7.0,18060,161.2,-47873,51166,-69.3,CPicoNanoTesla
2026-08-05 16:21:00,-0.342075,0.116203,-0.957569,-17104,5810,-47878,36.2,7.0,18064,161.2,-47878,51173,-69.3,CPicoNanoTesla
2026-08-05 16:22:00,-0.342050,0.116191,-0.957516,-17102,5810,-47876,36.2,7.0,18062,161.2,-47876,51170,-69.3,CPicoNanoTesla
2026-08-05 16:23:00,-0.342066,0.116200,-0.957447,-17103,5810,-47872,36.2,7.0,18063,161.2,-47872,51167,-69.3,CPicoNanoTesla
2026-08-05 16:24:00,-0.342094,0.116125,-0.957444,-17105,5806,-47872,36.2,7.0,18063,161.3,-47872,51167,-69.3,CPicoNanoTesla
2026-08-05 16:25:00,-0.342125,0.116125,-0.957431,-17106,5806,-47872,36.1,7.0,18065,161.3,-47872,51167,-69.3,CPicoNanoTesla
2026-08-05 16:26:00,-0.342072,0.116141,-0.957441,-17104,5807,-47872,36.1,7.0,18063,161.2,-47872,51166,-69.3,CPicoNanoTesla
2026-08-05 16:27:00,-0.342047,0.116150,-0.957488,-17102,5808,-47874,36.1,7.0,18061,161.2,-47874,51168,-69.3,CPicoNanoTesla
2026-08-05 16:28:00,-0.342028,0.116159,-0.957528,-17101,5808,-47876,36.1,7.0,18061,161.2,-47876,51170,-69.3,CPicoNanoTesla
2026-08-05 16:29:00,-0.342022,0.116153,-0.957481,-17101,5808,-47874,36.1,7.0,18060,161.2,-47874,51167,-69.3,CPicoNanoTesla
2026-08-05 16:30:00,-0.341994,0.116106,-0.957347,-17100,5805,-47867,36.0,7.0,18058,161.2,-47867,51160,-69.3,CPicoNanoTesla
2026-08-05 16:31:00,-0.342037,0.116097,-0.957238,-17102,5805,-47862,36.0,7.0,18060,161.3,-47862,51156,-69.3,CPicoNanoTesla
2026-08-05 16:32:00,-0.342028,0.116122,-0.957278,-17101,5806,-47864,35.9,7.0,18060,161.2,-47864,51158,-69.3,CPicoNanoTesla
2026-08-05 16:33:00,-0.341966,0.116109,-0.957359,-17098,5805,-47868,35.9,7.0,18057,161.2,-47868,51161,-69.3,CPicoNanoTesla
2026-08-05 16:34:00,-0.341947,0.116091,-0.957391,-17097,5805,-47870,35.9,7.0,18056,161.2,-47870,51162,-69.3,CPicoNanoTesla
2026-08-05 16:35:00,-0.341984,0.116059,-0.957334,-17099,5803,-47867,35.9,7.0,18057,161.3,-47867,51159,-69.3,CPicoNanoTesla
2026-08-05 16:36:00,-0.342022,0.116038,-0.957391,-17101,5802,-47870,35.8,7.0,18058,161.3,-47870,51163,-69.3,CPicoNanoTesla
2026-08-05 16:37:00,-0.341963,0.116047,-0.957419,-17098,5802,-47871,35.8,7.0,18056,161.3,-47871,51163,-69.3,CPicoNanoTesla
2026-08-05 16:38:00,-0.341975,0.116059,-0.957319,-17099,5803,-47866,35.8,7.0,18057,161.3,-47866,51158,-69.3,CPicoNanoTesla
2026-08-05 16:39:00,-0.341994,0.116059,-0.957384,-17100,5803,-47869,35.8,7.0,18058,161.3,-47869,51162,-69.3,CPicoNanoTesla
2026-08-05 16:40:00,-0.341934,0.116028,-0.957397,-17097,5801,-47870,35.8,7.0,18054,161.3,-47870,51161,-69.3,CPicoNanoTesla
2026-08-05 16:41:00,-0.341941,0.116075,-0.957388,-17097,5804,-47869,35.8,7.0,18055,161.2,-47869,51161,-69.3,CPicoNanoTesla
2026-08-05 16:42:00,-0.341975,0.116003,-0.957359,-17099,5800,-47868,35.7,7.0,18056,161.3,-47868,51160,-69.3,CPicoNanoTesla
2026-08-05 16:43:00,-0.341975,0.115947,-0.957300,-17099,5797,-47865,35.7,7.0,18055,161.3,-47865,51157,-69.3,CPicoNanoTesla
2026-08-05 16:44:00,-0.342000,0.115922,-0.957291,-17100,5796,-47865,35.6,7.0,18056,161.3,-47865,51157,-69.3,CPicoNanoTesla
2026-08-05 16:45:00,-0.341963,0.115944,-0.957300,-17098,5797,-47865,35.6,7.0,18054,161.3,-47865,51157,-69.3,CPicoNanoTesla
2026-08-05 16:46:00,-0.341975,0.115934,-0.957228,-17099,5797,-47861,35.6,7.0,18055,161.3,-47861,51154,-69.3,CPicoNanoTesla
2026-08-05 16:47:00,-0.341925,0.115950,-0.957250,-17096,5798,-47862,35.6,7.0,18053,161.3,-47862,51154,-69.3,CPicoNanoTesla
2026-08-05 16:48:00,-0.342006,0.116066,-0.957225,-17100,5803,-47861,35.6,7.0,18058,161.3,-47861,51155,-69.3,CPicoNanoTesla
2026-08-05 16:49:00,-0.341934,0.116019,-0.957291,-17097,5801,-47865,35.6,7.0,18054,161.3,-47865,51156,-69.3,CPicoNanoTesla
2026-08-05 16:50:00,-0.341925,0.116019,-0.957372,-17096,5801,-47869,35.5,7.0,18054,161.3,-47869,51160,-69.3,CPicoNanoTesla
2026-08-05 16:51:00,-0.341922,0.116025,-0.957328,-17096,5801,-47866,35.5,7.0,18054,161.3,-47866,51158,-69.3,CPicoNanoTesla
2026-08-05 16:52:00,-0.341984,0.115997,-0.957316,-17099,5800,-47866,35.5,7.0,18056,161.3,-47866,51158,-69.3,CPicoNanoTesla
2026-08-05 16:53:00,-0.341963,0.115975,-0.957294,-17098,5799,-47865,35.4,7.0,18055,161.3,-47865,51157,-69.3,CPicoNanoTesla
2026-08-05 16:54:00,-0.341925,0.115897,-0.957322,-17096,5795,-47866,35.4,7.0,18052,161.3,-47866,51157,-69.3,CPicoNanoTesla
2026-08-05 16:55:00,-0.341909,0.115919,-0.957263,-17095,5796,-47863,35.3,7.0,18051,161.3,-47863,51154,-69.3,CPicoNanoTesla
2026-08-05 16:56:00,-0.341925,0.115947,-0.957244,-17096,5797,-47862,35.3,7.0,18052,161.3,-47862,51153,-69.3,CPicoNanoTesla
2026-08-05 16:57:00,-0.341956,0.115844,-0.957263,-17098,5792,-47863,35.3,7.0,18052,161.3,-47863,51154,-69.3,CPicoNanoTesla
2026-08-05 16:58:00,-0.341884,0.115859,-0.957281,-17094,5793,-47864,35.2,7.0,18049,161.3,-47864,51154,-69.3,CPicoNanoTesla
2026-08-05 16:59:00,-0.341934,0.115903,-0.957269,-17097,5795,-47863,35.2,7.0,18052,161.3,-47863,51155,-69.3,CPicoNanoTesla
2026-08-05 17:00:00,-0.341866,0.115900,-0.957275,-17093,5795,-47864,35.2,4.0,18049,161.3,-47864,51154,-69.3,CPicoNanoTesla
2026-08-05 17:01:00,-0.341913,0.115947,-0.957250,-17096,5797,-47862,35.2,4.0,18052,161.3,-47862,51154,-69.3,CPicoNanoTesla
2026-08-05 17:02:00,-0.341866,0.115913,-0.957278,-17093,5796,-47864,35.1,5.0,18049,161.3,-47864,51154,-69.3,CPicoNanoTesla
2026-08-05 17:03:00,-0.341878,0.115869,-0.957244,-17094,5793,-47862,35.1,5.0,18049,161.3,-47862,51152,-69.3,CPicoNanoTesla
2026-08-05 17:04:00,-0.341844,0.115900,-0.957263,-17092,5795,-47863,35.1,5.0,18048,161.3,-47863,51153,-69.3,CPicoNanoTesla
2026-08-05 17:05:00,-0.341875,0.115841,-0.957225,-17094,5792,-47861,35.0,5.0,18048,161.3,-47861,51151,-69.3,CPicoNanoTesla
2026-08-05 17:06:00,-0.341884,0.115838,-0.957159,-17094,5792,-47858,35.0,5.0,18049,161.3,-47858,51148,-69.3,CPicoNanoTesla
2026-08-05 17:07:00,-0.341903,0.115828,-0.957188,-17095,5791,-47859,35.0,5.0,18050,161.3,-47859,51150,-69.3,CPicoNanoTesla
2026-08-05 17:08:00,-0.341959,0.115866,-0.957181,-17098,5793,-47859,35.0,5.0,18053,161.3,-47859,51151,-69.3,CPicoNanoTesla
2026-08-05 17:09:00,-0.341916,0.115847,-0.957206,-17096,5792,-47860,34.9,5.0,18050,161.3,-47860,51151,-69.3,CPicoNanoTesla
2026-08-05 17:10:00,-0.341897,0.115759,-0.957119,-17095,5788,-47856,34.9,5.0,18048,161.3,-47856,51146,-69.3,CPicoNanoTesla
2026-08-05 17:11:00,-0.341884,0.115806,-0.957141,-17094,5790,-47857,34.9,5.0,18048,161.3,-47857,51147,-69.3,CPicoNanoTesla
2026-08-05 17:12:00,-0.341834,0.115856,-0.957053,-17092,5793,-47853,34.8,5.0,18047,161.3,-47853,51143,-69.3,CPicoNanoTesla
2026-08-05 17:13:00,-0.341869,0.115813,-0.957047,-17093,5791,-47852,34.7,5.0,18048,161.3,-47852,51143,-69.3,CPicoNanoTesla
2026-08-05 17:14:00,-0.341788,0.115838,-0.957016,-17089,5792,-47851,34.7,6.0,18044,161.3,-47851,51140,-69.3,CPicoNanoTesla
2026-08-05 17:15:00,-0.341813,0.115844,-0.957016,-17091,5792,-47851,34.6,6.0,18045,161.3,-47851,51140,-69.3,CPicoNanoTesla
2026-08-05 17:16:00,-0.341844,0.115784,-0.956981,-17092,5789,-47849,34.6,6.0,18046,161.3,-47849,51139,-69.3,CPicoNanoTesla
2026-08-05 17:17:00,-0.341822,0.115763,-0.957075,-17091,5788,-47854,34.6,6.0,18045,161.3,-47854,51143,-69.3,CPicoNanoTesla
2026-08-05 17:18:00,-0.341813,0.115794,-0.957028,-17091,5790,-47851,34.6,6.0,18045,161.3,-47851,51141,-69.3,CPicoNanoTesla
2026-08-05 17:19:00,-0.341850,0.115816,-0.957019,-17092,5791,-47851,34.5,6.0,18047,161.3,-47851,51141,-69.3,CPicoNanoTesla
2026-08-05 17:20:00,-0.341813,0.115784,-0.957063,-17091,5789,-47853,34.5,6.0,18045,161.3,-47853,51142,-69.3,CPicoNanoTesla
2026-08-05 17:21:00,-0.341806,0.115813,-0.957066,-17090,5791,-47853,34.5,6.0,18045,161.3,-47853,51142,-69.3,CPicoNanoTesla
2026-08-05 17:22:00,-0.341850,0.115797,-0.957053,-17092,5790,-47853,34.5,6.0,18046,161.3,-47853,51142,-69.3,CPicoNanoTesla
2026-08-05 17:23:00,-0.341803,0.115775,-0.957053,-17090,5789,-47853,34.4,6.0,18044,161.3,-47853,51142,-69.3,CPicoNanoTesla
2026-08-05 17:24:00,-0.341800,0.115819,-0.957119,-17090,5791,-47856,34.4,6.0,18044,161.3,-47856,51145,-69.3,CPicoNanoTesla
2026-08-05 17:25:00,-0.341825,0.115781,-0.957081,-17091,5789,-47854,34.4,6.0,18045,161.3,-47854,51143,-69.3,CPicoNanoTesla
2026-08-05 17:26:00,-0.341800,0.115744,-0.957028,-17090,5787,-47851,34.4,6.0,18043,161.3,-47851,51140,-69.3,CPicoNanoTesla
2026-08-05 17:27:00,-0.341822,0.115747,-0.956984,-17091,5787,-47849,34.3,6.0,18044,161.3,-47849,51139,-69.3,CPicoNanoTesla
2026-08-05 17:28:00,-0.341784,0.115734,-0.957022,-17089,5787,-47851,34.3,6.0,18042,161.3,-47851,51140,-69.3,CPicoNanoTesla
2026-08-05 17:29:00,-0.341809,0.115794,-0.957072,-17090,5790,-47854,34.3,6.0,18045,161.3,-47854,51143,-69.3,CPicoNanoTesla
2026-08-05 17:30:00,-0.341766,0.115741,-0.957144,-17088,5787,-47857,34.3,6.0,18042,161.3,-47857,51145,-69.3,CPicoNanoTesla
2026-08-05 17:31:00,-0.341763,0.115725,-0.957050,-17088,5786,-47852,34.2,6.0,18041,161.3,-47852,51140,-69.3,CPicoNanoTesla
2026-08-05 17:32:00,-0.341722,0.115772,-0.957106,-17086,5789,-47855,34.2,6.0,18040,161.3,-47855,51143,-69.3,CPicoNanoTesla
2026-08-05 17:33:00,-0.341778,0.115731,-0.957034,-17089,5787,-47852,34.2,6.0,18042,161.3,-47852,51140,-69.3,CPicoNanoTesla
2026-08-05 17:34:00,-0.341772,0.115784,-0.956947,-17089,5789,-47847,34.1,6.0,18043,161.3,-47847,51136,-69.3,CPicoNanoTesla
2026-08-05 17:35:00,-0.341753,0.115756,-0.956959,-17088,5788,-47848,34.1,6.0,18041,161.3,-47848,51136,-69.3,CPicoNanoTesla
2026-08-05 17:36:00,-0.341772,0.115766,-0.957016,-17089,5788,-47851,34.1,6.0,18042,161.3,-47851,51139,-69.3,CPicoNanoTesla
2026-08-05 17:37:00,-0.341791,0.115688,-0.956988,-17090,5784,-47849,34.1,6.0,18042,161.3,-47849,51138,-69.3,CPicoNanoTesla
2026-08-05 17:38:00,-0.341809,0.115678,-0.957069,-17090,5784,-47853,34.1,6.0,18043,161.3,-47853,51142,-69.3,CPicoNanoTesla
2026-08-05 17:39:00,-0.341791,0.115731,-0.957003,-17090,5787,-47850,34.1,6.0,18043,161.3,-47850,51139,-69.3,CPicoNanoTesla
2026-08-05 17:40:00,-0.341813,0.115722,-0.956975,-17091,5786,-47849,34.1,6.0,18044,161.3,-47849,51138,-69.3,CPicoNanoTesla
2026-08-05 17:41:00,-0.341781,0.115703,-0.957016,-17089,5785,-47851,34.1,6.0,18042,161.3,-47851,51139,-69.3,CPicoNanoTesla
2026-08-05 17:42:00,-0.341800,0.115716,-0.957016,-17090,5786,-47851,34.0,6.0,18043,161.3,-47851,51139,-69.3,CPicoNanoTesla
2026-08-05 17:43:00,-0.341800,0.115722,-0.957003,-17090,5786,-47850,34.0,6.0,18043,161.3,-47850,51139,-69.3,CPicoNanoTesla
2026-08-05 17:44:00,-0.341803,0.115728,-0.957041,-17090,5786,-47852,34.0,6.0,18043,161.3,-47852,51141,-69.3,CPicoNanoTesla
2026-08-05 17:45:00,-0.341791,0.115644,-0.957063,-17090,5782,-47853,34.0,6.0,18041,161.3,-47853,51141,-69.3,CPicoNanoTesla
2026-08-05 17:46:00,-0.341775,0.115638,-0.957059,-17089,5782,-47853,34.0,6.0,18040,161.3,-47853,51141,-69.3,CPicoNanoTesla
2026-08-05 17:47:00,-0.341794,0.115659,-0.957025,-17090,5783,-47851,34.0,6.0,18042,161.3,-47851,51139,-69.3,CPicoNanoTesla
2026-08-05 17:48:00,-0.341703,0.115678,-0.957050,-17085,5784,-47852,33.9,6.0,18038,161.3,-47852,51139,-69.3,CPicoNanoTesla
2026-08-05 17:49:00,-0.341722,0.115697,-0.957041,-17086,5785,-47852,33.9,6.0,18039,161.3,-47852,51139,-69.3,CPicoNanoTesla
2026-08-05 17:50:00,-0.341713,0.115675,-0.956947,-17086,5784,-47847,33.9,6.0,18038,161.3,-47847,51135,-69.3,CPicoNanoTesla
2026-08-05 17:51:00,-0.341744,0.115647,-0.956975,-17087,5782,-47849,33.8,6.0,18039,161.3,-47849,51136,-69.3,CPicoNanoTesla
2026-08-05 17:52:00,-0.341688,0.115656,-0.957013,-17084,5783,-47851,33.8,6.0,18037,161.3,-47851,51137,-69.3,CPicoNanoTesla
2026-08-05 17:53:00,-0.341747,0.115675,-0.957034,-17087,5784,-47852,33.8,6.0,18040,161.3,-47852,51139,-69.3,CPicoNanoTesla
2026-08-05 17:54:00,-0.341728,0.115675,-0.956972,-17086,5784,-47849,33.7,6.0,18039,161.3,-47849,51136,-69.3,CPicoNanoTesla
2026-08-05 17:55:00,-0.341681,0.115628,-0.956856,-17084,5781,-47843,33.7,6.0,18036,161.3,-47843,51129,-69.3,CPicoNanoTesla
2026-08-05 17:56:00,-0.341703,0.115647,-0.956891,-17085,5782,-47845,33.7,6.0,18037,161.3,-47845,51132,-69.3,CPicoNanoTesla
2026-08-05 17:57:00,-0.341697,0.115600,-0.956906,-17085,5780,-47845,33.6,6.0,18036,161.3,-47845,51132,-69.3,CPicoNanoTesla
2026-08-05 17:58:00,-0.341697,0.115578,-0.956903,-17085,5779,-47845,33.6,6.0,18036,161.3,-47845,51132,-69.3,CPicoNanoTesla
2026-08-05 17:59:00,-0.341697,0.115606,-0.956894,-17085,5780,-47845,33.6,6.0,18036,161.3,-47845,51131,-69.3,CPicoNanoTesla
2026-08-05 18:00:00,-0.341688,0.115600,-0.956888,-17084,5780,-47844,33.5,2.0,18036,161.3,-47844,51131,-69.3,CPicoNanoTesla
2026-08-05 18:01:00,-0.341691,0.115584,-0.956781,-17085,5779,-47839,33.5,2.0,18036,161.3,-47839,51126,-69.3,CPicoNanoTesla
2026-08-05 18:02:00,-0.341662,0.115575,-0.956762,-17083,5779,-47838,33.4,2.0,18034,161.3,-47838,51124,-69.3,CPicoNanoTesla
2026-08-05 18:03:00,-0.341678,0.115641,-0.956719,-17084,5782,-47836,33.4,3.0,18036,161.3,-47836,51123,-69.3,CPicoNanoTesla
2026-08-05 18:04:00,-0.341588,0.115594,-0.956762,-17079,5780,-47838,33.3,3.0,18031,161.3,-47838,51123,-69.3,CPicoNanoTesla
2026-08-05 18:05:00,-0.341675,0.115559,-0.956756,-17084,5778,-47838,33.3,3.0,18034,161.3,-47838,51124,-69.3,CPicoNanoTesla
2026-08-05 18:06:00,-0.341684,0.115544,-0.956709,-17084,5777,-47835,33.3,5.0,18035,161.3,-47835,51122,-69.3,CPicoNanoTesla
2026-08-05 18:07:00,-0.341672,0.115600,-0.956719,-17084,5780,-47836,33.2,5.0,18035,161.3,-47836,51123,-69.3,CPicoNanoTesla
2026-08-05 18:08:00,-0.341703,0.115562,-0.956750,-17085,5778,-47838,33.2,5.0,18036,161.3,-47838,51125,-69.3,CPicoNanoTesla
2026-08-05 18:09:00,-0.341647,0.115550,-0.956813,-17082,5778,-47841,33.2,5.0,18033,161.3,-47841,51126,-69.3,CPicoNanoTesla
2026-08-05 18:10:00,-0.341684,0.115594,-0.956834,-17084,5780,-47842,33.2,5.0,18035,161.3,-47842,51128,-69.3,CPicoNanoTesla
2026-08-05 18:11:00,-0.341675,0.115581,-0.956819,-17084,5779,-47841,33.1,5.0,18035,161.3,-47841,51127,-69.3,CPicoNanoTesla
2026-08-05 18:12:00,-0.341659,0.115572,-0.956847,-17083,5779,-47842,33.1,5.0,18034,161.3,-47842,51128,-69.3,CPicoNanoTesla
2026-08-05 18:13:00,-0.341591,0.115584,-0.956847,-17080,5779,-47842,33.1,5.0,18031,161.3,-47842,51127,-69.3,CPicoNanoTesla
2026-08-05 18:14:00,-0.341662,0.115581,-0.956769,-17083,5779,-47838,33.0,5.0,18034,161.3,-47838,51125,-69.3,CPicoNanoTesla
2026-08-05 18:15:00,-0.341653,0.115550,-0.956775,-17083,5778,-47839,33.0,5.0,18033,161.3,-47839,51125,-69.3,CPicoNanoTesla
2026-08-05 18:16:00,-0.341672,0.115541,-0.956797,-17084,5777,-47840,33.0,5.0,18034,161.3,-47840,51126,-69.3,CPicoNanoTesla
2026-08-05 18:17:00,-0.341672,0.115547,-0.956806,-17084,5777,-47840,32.9,5.0,18034,161.3,-47840,51127,-69.3,CPicoNanoTesla
2026-08-05 18:18:00,-0.341641,0.115562,-0.956806,-17082,5778,-47840,32.9,5.0,18033,161.3,-47840,51126,-69.3,CPicoNanoTesla
2026-08-05 18:19:00,-0.341628,0.115572,-0.956800,-17081,5779,-47840,32.9,5.0,18032,161.3,-47840,51126,-69.3,CPicoNanoTesla
2026-08-05 18:20:00,-0.341647,0.115538,-0.956753,-17082,5777,-47838,32.8,5.0,18033,161.3,-47838,51124,-69.3,CPicoNanoTesla
2026-08-05 18:21:00,-0.341628,0.115578,-0.956641,-17081,5779,-47832,32.8,5.0,18032,161.3,-47832,51118,-69.3,CPicoNanoTesla
2026-08-05 18:22:00,-0.341597,0.115566,-0.956675,-17080,5778,-47834,32.7,5.0,18031,161.3,-47834,51119,-69.3,CPicoNanoTesla
2026-08-05 18:23:00,-0.341588,0.115569,-0.956722,-17079,5778,-47836,32.7,5.0,18030,161.3,-47836,51121,-69.3,CPicoNanoTesla
2026-08-05 18:24:00,-0.341622,0.115513,-0.956688,-17081,5776,-47834,32.7,5.0,18031,161.3,-47834,51120,-69.3,CPicoNanoTesla
2026-08-05 18:25:00,-0.341625,0.115559,-0.956659,-17081,5778,-47833,32.6,5.0,18032,161.3,-47833,51119,-69.3,CPicoNanoTesla
2026-08-05 18:26:00,-0.341613,0.115491,-0.956669,-17081,5775,-47833,32.6,5.0,18030,161.3,-47833,51119,-69.3,CPicoNanoTesla
2026-08-05 18:27:00,-0.341572,0.115531,-0.956666,-17079,5777,-47833,32.5,5.0,18029,161.3,-47833,51118,-69.3,CPicoNanoTesla
2026-08-05 18:28:00,-0.341569,0.115538,-0.956566,-17078,5777,-47828,32.5,5.0,18029,161.3,-47828,51114,-69.3,CPicoNanoTesla
2026-08-05 18:29:00,-0.341553,0.115534,-0.956638,-17078,5777,-47832,32.4,5.0,18028,161.3,-47832,51117,-69.3,CPicoNanoTesla
2026-08-05 18:30:00,-0.341541,0.115484,-0.956656,-17077,5774,-47833,32.4,5.0,18027,161.3,-47833,51117,-69.3,CPicoNanoTesla
2026-08-05 18:31:00,-0.341566,0.115484,-0.956641,-17078,5774,-47832,32.4,5.0,18028,161.3,-47832,51117,-69.3,CPicoNanoTesla
2026-08-05 18:32:00,-0.341556,0.115506,-0.956647,-17078,5775,-47832,32.3,5.0,18028,161.3,-47832,51117,-69.3,CPicoNanoTesla
2026-08-05 18:33:00,-0.341516,0.115509,-0.956581,-17076,5775,-47829,32.2,5.0,18026,161.3,-47829,51113,-69.3,CPicoNanoTesla
2026-08-05 18:34:00,-0.341494,0.115584,-0.956597,-17075,5779,-47830,32.2,5.0,18026,161.3,-47830,51114,-69.3,CPicoNanoTesla
2026-08-05 18:35:00,-0.341509,0.115591,-0.956572,-17075,5780,-47829,32.1,5.0,18027,161.3,-47829,51113,-69.3,CPicoNanoTesla
2026-08-05 18:36:00,-0.341528,0.115569,-0.956597,-17076,5778,-47830,32.1,5.0,18028,161.3,-47830,51114,-69.3,CPicoNanoTesla
2026-08-05 18:37:00,-0.341506,0.115572,-0.956575,-17075,5779,-47829,32.1,5.0,18027,161.3,-47829,51113,-69.3,CPicoNanoTesla
2026-08-05 18:38:00,-0.341541,0.115559,-0.956556,-17077,5778,-47828,32.0,5.0,18028,161.3,-47828,51113,-69.3,CPicoNanoTesla
2026-08-05 18:39:00,-0.341469,0.115588,-0.956516,-17073,5779,-47826,32.0,5.0,18025,161.3,-47826,51110,-69.3,CPicoNanoTesla
2026-08-05 18:40:00,-0.341497,0.115531,-0.956531,-17075,5777,-47827,31.9,5.0,18026,161.3,-47827,51111,-69.3,CPicoNanoTesla
2026-08-05 18:41:00,-0.341531,0.115563,-0.956525,-17077,5778,-47826,31.9,5.0,18028,161.3,-47826,51111,-69.3,CPicoNanoTesla
2026-08-05 18:42:00,-0.341541,0.115553,-0.956531,-17077,5778,-47827,31.9,5.0,18028,161.3,-47827,51112,-69.3,CPicoNanoTesla
2026-08-05 18:43:00,-0.341534,0.115538,-0.956575,-17077,5777,-47829,31.9,5.0,18027,161.3,-47829,51113,-69.3,CPicoNanoTesla
2026-08-05 18:44:00,-0.341513,0.115509,-0.956550,-17076,5775,-47828,31.8,5.0,18026,161.3,-47828,51112,-69.3,CPicoNanoTesla
2026-08-05 18:45:00,-0.341481,0.115475,-0.956531,-17074,5774,-47827,31.8,5.0,18024,161.3,-47827,51110,-69.4,CPicoNanoTesla
2026-08-05 18:46:00,-0.341472,0.115453,-0.956528,-17074,5773,-47826,31.7,5.0,18023,161.3,-47826,51110,-69.4,CPicoNanoTesla
2026-08-05 18:47:00,-0.341466,0.115450,-0.956538,-17073,5772,-47827,31.7,5.0,18023,161.3,-47827,51110,-69.4,CPicoNanoTesla
2026-08-05 18:48:00,-0.341447,0.115444,-0.956591,-17072,5772,-47830,31.7,5.0,18022,161.3,-47830,51112,-69.4,CPicoNanoTesla
2026-08-05 18:49:00,-0.341459,0.115500,-0.956525,-17073,5775,-47826,31.6,5.0,18023,161.3,-47826,51110,-69.4,CPicoNanoTesla
2026-08-05 18:50:00,-0.341487,0.115484,-0.956491,-17074,5774,-47825,31.6,5.0,18024,161.3,-47825,51108,-69.3,CPicoNanoTesla
2026-08-05 18:51:00,-0.341459,0.115503,-0.956500,-17073,5775,-47825,31.6,5.0,18023,161.3,-47825,51108,-69.4,CPicoNanoTesla
2026-08-05 18:52:00,-0.341481,0.115453,-0.956441,-17074,5773,-47822,31.5,5.0,18024,161.3,-47822,51106,-69.3,CPicoNanoTesla
2026-08-05 18:53:00,-0.341428,0.115459,-0.956434,-17071,5773,-47822,31.5,5.0,18021,161.3,-47822,51105,-69.4,CPicoNanoTesla
2026-08-05 18:54:00,-0.341472,0.115438,-0.956475,-17074,5772,-47824,31.5,5.0,18023,161.3,-47824,51107,-69.4,CPicoNanoTesla
2026-08-05 18:55:00,-0.341434,0.115503,-0.956475,-17072,5775,-47824,31.4,5.0,18022,161.3,-47824,51107,-69.4,CPicoNanoTesla
2026-08-05 18:56:00,-0.341425,0.115478,-0.956491,-17071,5774,-47825,31.4,5.0,18021,161.3,-47825,51107,-69.4,CPicoNanoTesla
2026-08-05 18:57:00,-0.341391,0.115491,-0.956456,-17070,5775,-47823,31.4,5.0,18020,161.3,-47823,51105,-69.4,CPicoNanoTesla
2026-08-05 18:58:00,-0.341406,0.115416,-0.956369,-17070,5771,-47818,31.2,5.0,18019,161.3,-47818,51101,-69.4,CPicoNanoTesla
2026-08-05 18:59:00,-0.341363,0.115441,-0.956309,-17068,5772,-47815,31.1,5.0,18018,161.3,-47815,51098,-69.4,CPicoNanoTesla
2026-08-05 19:00:00,-0.341325,0.115491,-0.956372,-17066,5775,-47819,31.1,2.0,18017,161.3,-47819,51100,-69.4,CPicoNanoTesla
2026-08-05 19:01:00,-0.341319,0.115481,-0.956347,-17066,5774,-47817,31.0,2.0,18016,161.3,-47817,51099,-69.4,CPicoNanoTesla
2026-08-05 19:02:00,-0.341303,0.115497,-0.956350,-17065,5775,-47818,31.0,2.0,18016,161.3,-47818,51099,-69.4,CPicoNanoTesla
2026-08-05 19:03:00,-0.341309,0.115506,-0.956328,-17065,5775,-47816,30.9,2.0,18016,161.3,-47816,51098,-69.4,CPicoNanoTesla
2026-08-05 19:04:00,-0.341309,0.115466,-0.956356,-17065,5773,-47818,30.9,2.0,18016,161.3,-47818,51099,-69.4,CPicoNanoTesla
2026-08-05 19:05:00,-0.341319,0.115500,-0.956353,-17066,5775,-47818,30.9,3.0,18017,161.3,-47818,51099,-69.4,CPicoNanoTesla
2026-08-05 19:06:00,-0.341278,0.115494,-0.956344,-17064,5775,-47817,30.8,3.0,18015,161.3,-47817,51098,-69.4,CPicoNanoTesla
2026-08-05 19:07:00,-0.341297,0.115425,-0.956341,-17065,5771,-47817,30.7,3.0,18014,161.3,-47817,51098,-69.4,CPicoNanoTesla
2026-08-05 19:08:00,-0.341297,0.115441,-0.956344,-17065,5772,-47817,30.7,3.0,18015,161.3,-47817,51098,-69.4,CPicoNanoTesla
2026-08-05 19:09:00,-0.341303,0.115453,-0.956378,-17065,5773,-47819,30.7,3.0,18015,161.3,-47819,51100,-69.4,CPicoNanoTesla
2026-08-05 19:10:00,-0.341297,0.115422,-0.956381,-17065,5771,-47819,30.7,3.0,18014,161.3,-47819,51100,-69.4,CPicoNanoTesla
2026-08-05 19:11:00,-0.341306,0.115409,-0.956406,-17065,5770,-47820,30.6,3.0,18015,161.3,-47820,51101,-69.4,CPicoNanoTesla
2026-08-05 19:12:00,-0.341284,0.115413,-0.956384,-17064,5771,-47819,30.6,3.0,18014,161.3,-47819,51100,-69.4,CPicoNanoTesla
2026-08-05 19:13:00,-0.341316,0.115425,-0.956434,-17066,5771,-47822,30.6,4.0,18015,161.3,-47822,51102,-69.4,CPicoNanoTesla
2026-08-05 19:14:00,-0.341303,0.115406,-0.956434,-17065,5770,-47822,30.6,4.0,18014,161.3,-47822,51102,-69.4,CPicoNanoTesla
2026-08-05 19:15:00,-0.341313,0.115400,-0.956416,-17066,5770,-47821,30.6,4.0,18015,161.3,-47821,51101,-69.4,CPicoNanoTesla
2026-08-05 19:16:00,-0.341284,0.115406,-0.956381,-17064,5770,-47819,30.5,4.0,18013,161.3,-47819,51099,-69.4,CPicoNanoTesla
2026-08-05 19:17:00,-0.341269,0.115384,-0.956425,-17063,5769,-47821,30.5,4.0,18012,161.3,-47821,51101,-69.4,CPicoNanoTesla
2026-08-05 19:18:00,-0.341256,0.115400,-0.956450,-17063,5770,-47822,30.5,4.0,18012,161.3,-47822,51102,-69.4,CPicoNanoTesla
2026-08-05 19:19:00,-0.341256,0.115406,-0.956456,-17063,5770,-47823,30.5,4.0,18012,161.3,-47823,51102,-69.4,CPicoNanoTesla
2026-08-05 19:20:00,-0.341247,0.115413,-0.956378,-17062,5771,-47819,30.4,4.0,18012,161.3,-47819,51099,-69.4,CPicoNanoTesla
2026-08-05 19:21:00,-0.341237,0.115397,-0.956359,-17062,5770,-47818,30.4,4.0,18011,161.3,-47818,51098,-69.4,CPicoNanoTesla
2026-08-05 19:22:00,-0.341166,0.115459,-0.956431,-17058,5773,-47822,30.4,4.0,18009,161.3,-47822,51100,-69.4,CPicoNanoTesla
2026-08-05 19:23:00,-0.341231,0.115450,-0.956394,-17062,5772,-47820,30.3,4.0,18012,161.3,-47820,51099,-69.4,CPicoNanoTesla
2026-08-05 19:24:00,-0.341213,0.115459,-0.956409,-17061,5773,-47820,30.3,4.0,18011,161.3,-47820,51100,-69.4,CPicoNanoTesla
2026-08-05 19:25:00,-0.341225,0.115456,-0.956406,-17061,5773,-47820,30.3,4.0,18011,161.3,-47820,51100,-69.4,CPicoNanoTesla
2026-08-05 19:26:00,-0.341263,0.115488,-0.956381,-17063,5774,-47819,30.2,4.0,18014,161.3,-47819,51099,-69.4,CPicoNanoTesla
2026-08-05 19:27:00,-0.341225,0.115494,-0.956434,-17061,5775,-47822,30.2,4.0,18012,161.3,-47822,51101,-69.4,CPicoNanoTesla
2026-08-05 19:28:00,-0.341238,0.115516,-0.956434,-17062,5776,-47822,30.2,4.0,18013,161.3,-47822,51102,-69.4,CPicoNanoTesla
2026-08-05 19:29:00,-0.341247,0.115534,-0.956453,-17062,5777,-47823,30.2,4.0,18014,161.3,-47823,51103,-69.4,CPicoNanoTesla
2026-08-05 19:30:00,-0.341247,0.115538,-0.956491,-17062,5777,-47825,30.2,4.0,18014,161.3,-47825,51105,-69.4,CPicoNanoTesla
2026-08-05 19:31:00,-0.341288,0.115503,-0.956456,-17064,5775,-47823,30.2,4.0,18015,161.3,-47823,51103,-69.4,CPicoNanoTesla
2026-08-05 19:32:00,-0.341272,0.115519,-0.956469,-17064,5776,-47823,30.1,4.0,18015,161.3,-47823,51104,-69.4,CPicoNanoTesla
2026-08-05 19:33:00,-0.341269,0.115553,-0.956459,-17063,5778,-47823,30.1,4.0,18015,161.3,-47823,51104,-69.4,CPicoNanoTesla
2026-08-05 19:34:00,-0.341281,0.115522,-0.956428,-17064,5776,-47821,30.1,4.0,18015,161.3,-47821,51102,-69.4,CPicoNanoTesla
2026-08-05 19:35:00,-0.341269,0.115506,-0.956450,-17063,5775,-47822,30.1,4.0,18014,161.3,-47822,51103,-69.4,CPicoNanoTesla
2026-08-05 19:36:00,-0.341256,0.115541,-0.956450,-17063,5777,-47822,30.0,4.0,18014,161.3,-47822,51103,-69.4,CPicoNanoTesla
2026-08-05 19:37:00,-0.341269,0.115506,-0.956484,-17063,5775,-47824,30.0,4.0,18014,161.3,-47824,51105,-69.4,CPicoNanoTesla
2026-08-05 19:38:00,-0.341272,0.115481,-0.956463,-17064,5774,-47823,30.0,4.0,18014,161.3,-47823,51103,-69.4,CPicoNanoTesla
2026-08-05 19:39:00,-0.341256,0.115531,-0.956441,-17063,5777,-47822,30.0,4.0,18014,161.3,-47822,51102,-69.4,CPicoNanoTesla
2026-08-05 19:40:00,-0.341266,0.115519,-0.956450,-17063,5776,-47822,29.9,4.0,18014,161.3,-47822,51103,-69.4,CPicoNanoTesla
2026-08-05 19:41:00,-0.341213,0.115541,-0.956453,-17061,5777,-47823,29.9,4.0,18012,161.3,-47823,51102,-69.4,CPicoNanoTesla
2026-08-05 19:42:00,-0.341253,0.115469,-0.956425,-17063,5773,-47821,29.8,4.0,18013,161.3,-47821,51101,-69.4,CPicoNanoTesla
2026-08-05 19:43:00,-0.341253,0.115481,-0.956384,-17063,5774,-47819,29.8,4.0,18013,161.3,-47819,51099,-69.4,CPicoNanoTesla
2026-08-05 19:44:00,-0.341222,0.115513,-0.956447,-17061,5776,-47822,29.8,4.0,18012,161.3,-47822,51102,-69.4,CPicoNanoTesla
2026-08-05 19:45:00,-0.341263,0.115500,-0.956391,-17063,5775,-47820,29.8,4.0,18014,161.3,-47820,51100,-69.4,CPicoNanoTesla
2026-08-05 19:46:00,-0.341253,0.115447,-0.956428,-17063,5772,-47821,29.7,4.0,18013,161.3,-47821,51101,-69.4,CPicoNanoTesla
2026-08-05 19:47:00,-0.341231,0.115494,-0.956438,-17062,5775,-47822,29.7,4.0,18012,161.3,-47822,51102,-69.4,CPicoNanoTesla
2026-08-05 19:48:00,-0.341222,0.115466,-0.956406,-17061,5773,-47820,29.7,4.0,18011,161.3,-47820,51100,-69.4,CPicoNanoTesla
2026-08-05 19:49:00,-0.341234,0.115494,-0.956447,-17062,5775,-47822,29.7,4.0,18012,161.3,-47822,51102,-69.4,CPicoNanoTesla
2026-08-05 19:50:00,-0.341259,0.115488,-0.956444,-17063,5774,-47822,29.6,4.0,18014,161.3,-47822,51102,-69.4,CPicoNanoTesla
2026-08-05 19:51:00,-0.341241,0.115450,-0.956400,-17062,5772,-47820,29.6,4.0,18012,161.3,-47820,51100,-69.4,CPicoNanoTesla
2026-08-05 19:52:00,-0.341234,0.115475,-0.956409,-17062,5774,-47820,29.6,4.0,18012,161.3,-47820,51100,-69.4,CPicoNanoTesla
2026-08-05 19:53:00,-0.341209,0.115463,-0.956384,-17060,5773,-47819,29.5,4.0,18011,161.3,-47819,51099,-69.4,CPicoNanoTesla
2026-08-05 19:54:00,-0.341197,0.115475,-0.956406,-17060,5774,-47820,29.5,4.0,18010,161.3,-47820,51099,-69.4,CPicoNanoTesla
2026-08-05 19:55:00,-0.341247,0.115469,-0.956412,-17062,5773,-47821,29.5,4.0,18013,161.3,-47821,51101,-69.4,CPicoNanoTesla
2026-08-05 19:56:00,-0.341228,0.115463,-0.956425,-17061,5773,-47821,29.5,4.0,18012,161.3,-47821,51101,-69.4,CPicoNanoTesla
2026-08-05 19:57:00,-0.341181,0.115450,-0.956412,-17059,5772,-47821,29.4,4.0,18009,161.3,-47821,51099,-69.4,CPicoNanoTesla
2026-08-05 19:58:00,-0.341219,0.115475,-0.956372,-17061,5774,-47819,29.4,4.0,18011,161.3,-47819,51098,-69.4,CPicoNanoTesla
2026-08-05 19:59:00,-0.341216,0.115466,-0.956437,-17061,5773,-47822,29.3,4.0,18011,161.3,-47822,51101,-69.4,CPicoNanoTesla
2026-08-05 20:00:00,-0.341181,0.115475,-0.956472,-17059,5774,-47824,29.3,1.0,18010,161.3,-47824,51102,-69.4,CPicoNanoTesla
2026-08-05 20:01:00,-0.341172,0.115438,-0.956416,-17059,5772,-47821,29.3,1.0,18009,161.3,-47821,51099,-69.4,CPicoNanoTesla
2026-08-05 20:02:00,-0.341181,0.115441,-0.956441,-17059,5772,-47822,29.3,1.0,18009,161.3,-47822,51101,-69.4,CPicoNanoTesla
2026-08-05 20:03:00,-0.341194,0.115475,-0.956444,-17060,5774,-47822,29.2,1.0,18010,161.3,-47822,51101,-69.4,CPicoNanoTesla
2026-08-05 20:04:00,-0.341200,0.115488,-0.956428,-17060,5774,-47821,29.2,2.0,18011,161.3,-47821,51101,-69.4,CPicoNanoTesla
2026-08-05 20:05:00,-0.341197,0.115406,-0.956391,-17060,5770,-47820,29.2,2.0,18009,161.3,-47820,51098,-69.4,CPicoNanoTesla
2026-08-05 20:06:00,-0.341200,0.115447,-0.956388,-17060,5772,-47819,29.2,2.0,18010,161.3,-47819,51098,-69.4,CPicoNanoTesla
2026-08-05 20:07:00,-0.341203,0.115431,-0.956422,-17060,5772,-47821,29.1,2.0,18010,161.3,-47821,51100,-69.4,CPicoNanoTesla
2026-08-05 20:08:00,-0.341159,0.115459,-0.956478,-17058,5773,-47824,29.1,2.0,18008,161.3,-47824,51102,-69.4,CPicoNanoTesla
2026-08-05 20:09:00,-0.341141,0.115463,-0.956488,-17057,5773,-47824,29.1,2.0,18008,161.3,-47824,51102,-69.4,CPicoNanoTesla
2026-08-05 20:10:00,-0.341131,0.115469,-0.956428,-17057,5773,-47821,29.0,2.0,18007,161.3,-47821,51099,-69.4,CPicoNanoTesla
2026-08-05 20:11:00,-0.341097,0.115447,-0.956428,-17055,5772,-47821,29.0,3.0,18005,161.3,-47821,51099,-69.4,CPicoNanoTesla
2026-08-05 20:12:00,-0.341122,0.115447,-0.956409,-17056,5772,-47820,29.0,4.0,18006,161.3,-47820,51098,-69.4,CPicoNanoTesla
2026-08-05 20:13:00,-0.341125,0.115441,-0.956444,-17056,5772,-47822,28.9,4.0,18006,161.3,-47822,51100,-69.4,CPicoNanoTesla
2026-08-05 20:14:00,-0.341175,0.115409,-0.956428,-17059,5770,-47821,28.9,4.0,18008,161.3,-47821,51100,-69.4,CPicoNanoTesla
2026-08-05 20:15:00,-0.341169,0.115422,-0.956394,-17058,5771,-47820,28.9,4.0,18008,161.3,-47820,51098,-69.4,CPicoNanoTesla
2026-08-05 20:16:00,-0.341088,0.115378,-0.956456,-17054,5769,-47823,28.9,6.0,18004,161.3,-47823,51099,-69.4,CPicoNanoTesla
2026-08-05 20:17:00,-0.341059,0.115372,-0.956419,-17053,5769,-47821,28.8,6.0,18002,161.3,-47821,51097,-69.4,CPicoNanoTesla
2026-08-05 20:18:00,-0.341131,0.115353,-0.956416,-17057,5768,-47821,28.8,6.0,18005,161.3,-47821,51098,-69.4,CPicoNanoTesla
2026-08-05 20:19:00,-0.341175,0.115391,-0.956388,-17059,5770,-47819,28.8,6.0,18008,161.3,-47819,51098,-69.4,CPicoNanoTesla
2026-08-05 20:20:00,-0.341134,0.115350,-0.956394,-17057,5768,-47820,28.7,6.0,18005,161.3,-47820,51097,-69.4,CPicoNanoTesla
2026-08-05 20:21:00,-0.341131,0.115344,-0.956416,-17057,5767,-47821,28.7,6.0,18005,161.3,-47821,51098,-69.4,CPicoNanoTesla
2026-08-05 20:22:00,-0.341137,0.115347,-0.956428,-17057,5767,-47821,28.7,6.0,18006,161.3,-47821,51099,-69.4,CPicoNanoTesla
2026-08-05 20:23:00,-0.341028,0.115381,-0.956525,-17051,5769,-47826,28.7,6.0,18001,161.3,-47826,51102,-69.4,CPicoNanoTesla
2026-08-05 20:24:00,-0.341041,0.115400,-0.956519,-17052,5770,-47826,28.7,6.0,18002,161.3,-47826,51102,-69.4,CPicoNanoTesla
2026-08-05 20:25:00,-0.341156,0.115344,-0.956450,-17058,5767,-47822,28.6,6.0,18006,161.3,-47822,51100,-69.4,CPicoNanoTesla
2026-08-05 20:26:00,-0.341141,0.115350,-0.956441,-17057,5768,-47822,28.6,6.0,18006,161.3,-47822,51099,-69.4,CPicoNanoTesla
2026-08-05 20:27:00,-0.341122,0.115381,-0.956456,-17056,5769,-47823,28.6,6.0,18005,161.3,-47823,51100,-69.4,CPicoNanoTesla
2026-08-05 20:28:00,-0.341125,0.115391,-0.956438,-17056,5770,-47822,28.6,6.0,18006,161.3,-47822,51099,-69.4,CPicoNanoTesla
2026-08-05 20:29:00,-0.341144,0.115397,-0.956409,-17057,5770,-47820,28.6,6.0,18007,161.3,-47820,51098,-69.4,CPicoNanoTesla
2026-08-05 20:30:00,-0.341122,0.115378,-0.956441,-17056,5769,-47822,28.5,6.0,18005,161.3,-47822,51099,-69.4,CPicoNanoTesla
2026-08-05 20:31:00,-0.341147,0.115359,-0.956453,-17057,5768,-47823,28.5,6.0,18006,161.3,-47823,51100,-69.4,CPicoNanoTesla
2026-08-05 20:32:00,-0.341131,0.115391,-0.956441,-17057,5770,-47822,28.5,6.0,18006,161.3,-47822,51100,-69.4,CPicoNanoTesla
2026-08-05 20:33:00,-0.341134,0.115378,-0.956441,-17057,5769,-47822,28.5,6.0,18006,161.3,-47822,51099,-69.4,CPicoNanoTesla
2026-08-05 20:34:00,-0.341141,0.115363,-0.956428,-17057,5768,-47821,28.5,6.0,18006,161.3,-47821,51099,-69.4,CPicoNanoTesla
2026-08-05 20:35:00,-0.341147,0.115384,-0.956484,-17057,5769,-47824,28.5,6.0,18007,161.3,-47824,51102,-69.4,CPicoNanoTesla
2026-08-05 20:36:00,-0.341137,0.115378,-0.956494,-17057,5769,-47825,28.5,6.0,18006,161.3,-47825,51102,-69.4,CPicoNanoTesla
2026-08-05 20:37:00,-0.341113,0.115347,-0.956484,-17056,5767,-47824,28.4,6.0,18004,161.3,-47824,51101,-69.4,CPicoNanoTesla
2026-08-05 20:38:00,-0.341131,0.115359,-0.956488,-17057,5768,-47824,28.4,6.0,18005,161.3,-47824,51102,-69.4,CPicoNanoTesla
2026-08-05 20:39:00,-0.341134,0.115369,-0.956475,-17057,5768,-47824,28.4,6.0,18006,161.3,-47824,51101,-69.4,CPicoNanoTesla
2026-08-05 20:40:00,-0.341144,0.115350,-0.956481,-17057,5768,-47824,28.4,6.0,18006,161.3,-47824,51101,-69.4,CPicoNanoTesla
2026-08-05 20:41:00,-0.341119,0.115369,-0.956494,-17056,5768,-47825,28.3,6.0,18005,161.3,-47825,51102,-69.4,CPicoNanoTesla
2026-08-05 20:42:00,-0.341128,0.115363,-0.956478,-17056,5768,-47824,28.3,6.0,18005,161.3,-47824,51101,-69.4,CPicoNanoTesla
2026-08-05 20:43:00,-0.341156,0.115372,-0.956466,-17058,5769,-47823,28.3,6.0,18007,161.3,-47823,51101,-69.4,CPicoNanoTesla
2026-08-05 20:44:00,-0.341172,0.115378,-0.956453,-17059,5769,-47823,28.3,6.0,18008,161.3,-47823,51101,-69.4,CPicoNanoTesla
2026-08-05 20:45:00,-0.341097,0.115378,-0.956519,-17055,5769,-47826,28.3,6.0,18004,161.3,-47826,51103,-69.4,CPicoNanoTesla
2026-08-05 20:46:00,-0.341116,0.115363,-0.956516,-17056,5768,-47826,28.3,6.0,18005,161.3,-47826,51103,-69.4,CPicoNanoTesla
2026-08-05 20:47:00,-0.341103,0.115359,-0.956478,-17055,5768,-47824,28.3,6.0,18004,161.3,-47824,51101,-69.4,CPicoNanoTesla
2026-08-05 20:48:00,-0.341116,0.115353,-0.956509,-17056,5768,-47825,28.3,6.0,18005,161.3,-47825,51102,-69.4,CPicoNanoTesla
2026-08-05 20:49:00,-0.341091,0.115319,-0.956487,-17055,5766,-47824,28.2,6.0,18003,161.3,-47824,51101,-69.4,CPicoNanoTesla
2026-08-05 20:50:00,-0.341088,0.115353,-0.956484,-17054,5768,-47824,28.2,6.0,18003,161.3,-47824,51101,-69.4,CPicoNanoTesla
2026-08-05 20:51:00,-0.341088,0.115350,-0.956487,-17054,5768,-47824,28.2,6.0,18003,161.3,-47824,51101,-69.4,CPicoNanoTesla
2026-08-05 20:52:00,-0.340991,0.115306,-0.956497,-17050,5765,-47825,28.1,6.0,17998,161.3,-47825,51099,-69.4,CPicoNanoTesla
2026-08-05 20:53:00,-0.340988,0.115331,-0.956513,-17049,5767,-47826,28.1,6.0,17998,161.3,-47826,51100,-69.4,CPicoNanoTesla
2026-08-05 20:54:00,-0.341019,0.115338,-0.956491,-17051,5767,-47825,28.1,6.0,18000,161.3,-47825,51100,-69.4,CPicoNanoTesla
2026-08-05 20:55:00,-0.341050,0.115334,-0.956469,-17052,5767,-47823,28.1,6.0,18001,161.3,-47823,51099,-69.4,CPicoNanoTesla
2026-08-05 20:56:00,-0.341044,0.115338,-0.956519,-17052,5767,-47826,28.1,6.0,18001,161.3,-47826,51101,-69.4,CPicoNanoTesla
2026-08-05 20:57:00,-0.341081,0.115350,-0.956497,-17054,5768,-47825,28.1,6.0,18003,161.3,-47825,51101,-69.4,CPicoNanoTesla
2026-08-05 20:58:00,-0.341069,0.115391,-0.956516,-17053,5770,-47826,28.1,6.0,18003,161.3,-47826,51102,-69.4,CPicoNanoTesla
2026-08-05 20:59:00,-0.341081,0.115356,-0.956494,-17054,5768,-47825,28.1,6.0,18003,161.3,-47825,51101,-69.4,CPicoNanoTesla
2026-08-05 21:00:00,-0.341028,0.115378,-0.956531,-17051,5769,-47827,28.0,2.0,18001,161.3,-47827,51102,-69.4,CPicoNanoTesla
2026-08-05 21:01:00,-0.341006,0.115388,-0.956538,-17050,5769,-47827,28.0,2.0,18000,161.3,-47827,51102,-69.4,CPicoNanoTesla
2026-08-05 21:02:00,-0.341081,0.115375,-0.956513,-17054,5769,-47826,28.0,5.0,18003,161.3,-47826,51102,-69.4,CPicoNanoTesla
2026-08-05 21:03:00,-0.341059,0.115344,-0.956466,-17053,5767,-47823,28.0,5.0,18002,161.3,-47823,51099,-69.4,CPicoNanoTesla
2026-08-05 21:04:00,-0.341056,0.115363,-0.956484,-17053,5768,-47824,27.9,5.0,18002,161.3,-47824,51100,-69.4,CPicoNanoTesla
2026-08-05 21:05:00,-0.341034,0.115338,-0.956478,-17052,5767,-47824,27.9,5.0,18001,161.3,-47824,51099,-69.4,CPicoNanoTesla
2026-08-05 21:06:00,-0.341063,0.115331,-0.956509,-17053,5767,-47825,27.9,5.0,18002,161.3,-47825,51101,-69.4,CPicoNanoTesla
2026-08-05 21:07:00,-0.341050,0.115328,-0.956494,-17052,5766,-47825,27.9,5.0,18001,161.3,-47825,51100,-69.4,CPicoNanoTesla
2026-08-05 21:08:00,-0.341038,0.115328,-0.956494,-17052,5766,-47825,27.8,5.0,18001,161.3,-47825,51100,-69.4,CPicoNanoTesla
2026-08-05 21:09:00,-0.341031,0.115363,-0.956516,-17052,5768,-47826,27.8,5.0,18001,161.3,-47826,51101,-69.4,CPicoNanoTesla
2026-08-05 21:10:00,-0.341044,0.115341,-0.956503,-17052,5767,-47825,27.8,5.0,18001,161.3,-47825,51101,-69.4,CPicoNanoTesla
2026-08-05 21:11:00,-0.341044,0.115331,-0.956522,-17052,5767,-47826,27.8,5.0,18001,161.3,-47826,51102,-69.4,CPicoNanoTesla
2026-08-05 21:12:00,-0.341047,0.115309,-0.956541,-17052,5765,-47827,27.8,5.0,18001,161.3,-47827,51102,-69.4,CPicoNanoTesla
2026-08-05 21:13:00,-0.341050,0.115316,-0.956572,-17052,5766,-47829,27.8,5.0,18001,161.3,-47829,51104,-69.4,CPicoNanoTesla
2026-08-05 21:14:00,-0.341025,0.115353,-0.956566,-17051,5768,-47828,27.8,5.0,18000,161.3,-47828,51103,-69.4,CPicoNanoTesla
2026-08-05 21:15:00,-0.341050,0.115328,-0.956519,-17052,5766,-47826,27.7,5.0,18001,161.3,-47826,51101,-69.4,CPicoNanoTesla
2026-08-05 21:16:00,-0.341016,0.115363,-0.956494,-17051,5768,-47825,27.7,5.0,18000,161.3,-47825,51100,-69.4,CPicoNanoTesla
2026-08-05 21:17:00,-0.341025,0.115328,-0.956516,-17051,5766,-47826,27.7,5.0,18000,161.3,-47826,51101,-69.4,CPicoNanoTesla
2026-08-05 21:18:00,-0.341038,0.115316,-0.956491,-17052,5766,-47825,27.7,5.0,18000,161.3,-47825,51100,-69.4,CPicoNanoTesla
2026-08-05 21:19:00,-0.341031,0.115313,-0.956500,-17052,5766,-47825,27.7,5.0,18000,161.3,-47825,51100,-69.4,CPicoNanoTesla
2026-08-05 21:20:00,-0.341034,0.115316,-0.956466,-17052,5766,-47823,27.6,5.0,18000,161.3,-47823,51099,-69.4,CPicoNanoTesla
2026-08-05 21:21:00,-0.341013,0.115316,-0.956500,-17051,5766,-47825,27.6,5.0,17999,161.3,-47825,51100,-69.4,CPicoNanoTesla
2026-08-05 21:22:00,-0.341009,0.115378,-0.956544,-17050,5769,-47827,27.6,5.0,18000,161.3,-47827,51102,-69.4,CPicoNanoTesla
2026-08-05 21:23:00,-0.340978,0.115397,-0.956525,-17049,5770,-47826,27.6,5.0,17999,161.3,-47826,51101,-69.4,CPicoNanoTesla
2026-08-05 21:24:00,-0.341003,0.115356,-0.956541,-17050,5768,-47827,27.6,5.0,17999,161.3,-47827,51102,-69.4,CPicoNanoTesla
2026-08-05 21:25:00,-0.341041,0.115331,-0.956506,-17052,5767,-47825,27.6,5.0,18001,161.3,-47825,51101,-69.4,CPicoNanoTesla
2026-08-05 21:26:00,-0.341025,0.115338,-0.956509,-17051,5767,-47825,27.5,5.0,18000,161.3,-47825,51101,-69.4,CPicoNanoTesla
2026-08-05 21:27:00,-0.341013,0.115338,-0.956503,-17051,5767,-47825,27.5,5.0,17999,161.3,-47825,51100,-69.4,CPicoNanoTesla
2026-08-05 21:28:00,-0.341028,0.115338,-0.956497,-17051,5767,-47825,27.5,5.0,18000,161.3,-47825,51100,-69.4,CPicoNanoTesla
2026-08-05 21:29:00,-0.341041,0.115319,-0.956519,-17052,5766,-47826,27.5,5.0,18000,161.3,-47826,51101,-69.4,CPicoNanoTesla
2026-08-05 21:30:00,-0.341016,0.115381,-0.956544,-17051,5769,-47827,27.5,5.0,18000,161.3,-47827,51102,-69.4,CPicoNanoTesla
2026-08-05 21:31:00,-0.340975,0.115381,-0.956581,-17049,5769,-47829,27.5,5.0,17998,161.3,-47829,51103,-69.4,CPicoNanoTesla
2026-08-05 21:32:00,-0.340997,0.115369,-0.956559,-17050,5768,-47828,27.5,5.0,17999,161.3,-47828,51103,-69.4,CPicoNanoTesla
2026-08-05 21:33:00,-0.340991,0.115363,-0.956575,-17050,5768,-47829,27.5,5.0,17999,161.3,-47829,51103,-69.4,CPicoNanoTesla
2026-08-05 21:34:00,-0.341050,0.115338,-0.956550,-17052,5767,-47828,27.5,5.0,18001,161.3,-47828,51103,-69.4,CPicoNanoTesla
2026-08-05 21:35:00,-0.341047,0.115344,-0.956550,-17052,5767,-47828,27.5,5.0,18001,161.3,-47828,51103,-69.4,CPicoNanoTesla
2026-08-05 21:36:00,-0.341031,0.115322,-0.956535,-17052,5766,-47827,27.4,5.0,18000,161.3,-47827,51102,-69.4,CPicoNanoTesla
2026-08-05 21:37:00,-0.341019,0.115359,-0.956522,-17051,5768,-47826,27.4,5.0,18000,161.3,-47826,51101,-69.4,CPicoNanoTesla
2026-08-05 21:38:00,-0.341013,0.115369,-0.956522,-17051,5768,-47826,27.4,5.0,18000,161.3,-47826,51101,-69.4,CPicoNanoTesla
2026-08-05 21:39:00,-0.341025,0.115400,-0.956519,-17051,5770,-47826,27.4,5.0,18001,161.3,-47826,51101,-69.4,CPicoNanoTesla
2026-08-05 21:40:00,-0.341100,0.115419,-0.956456,-17055,5771,-47823,27.4,5.0,18005,161.3,-47823,51100,-69.4,CPicoNanoTesla
2026-08-05 21:41:00,-0.341081,0.115381,-0.956525,-17054,5769,-47826,27.4,5.0,18003,161.3,-47826,51103,-69.4,CPicoNanoTesla
2026-08-05 21:42:00,-0.341056,0.115331,-0.956538,-17053,5767,-47827,27.3,5.0,18001,161.3,-47827,51102,-69.4,CPicoNanoTesla
2026-08-05 21:43:00,-0.341084,0.115369,-0.956519,-17054,5768,-47826,27.3,5.0,18003,161.3,-47826,51102,-69.4,CPicoNanoTesla
2026-08-05 21:44:00,-0.341137,0.115363,-0.956519,-17057,5768,-47826,27.3,5.0,18006,161.3,-47826,51103,-69.4,CPicoNanoTesla
2026-08-05 21:45:00,-0.341113,0.115363,-0.956525,-17056,5768,-47826,27.3,5.0,18005,161.3,-47826,51103,-69.4,CPicoNanoTesla
2026-08-05 21:46:00,-0.341081,0.115387,-0.956534,-17054,5769,-47827,27.3,5.0,18004,161.3,-47827,51103,-69.4,CPicoNanoTesla
2026-08-05 21:47:00,-0.341100,0.115388,-0.956528,-17055,5769,-47826,27.2,5.0,18004,161.3,-47826,51103,-69.4,CPicoNanoTesla
2026-08-05 21:48:00,-0.341081,0.115375,-0.956522,-17054,5769,-47826,27.2,5.0,18003,161.3,-47826,51102,-69.4,CPicoNanoTesla
2026-08-05 21:49:00,-0.341113,0.115331,-0.956519,-17056,5767,-47826,27.2,5.0,18004,161.3,-47826,51103,-69.4,CPicoNanoTesla
2026-08-05 21:50:00,-0.341100,0.115331,-0.956475,-17055,5767,-47824,27.2,5.0,18004,161.3,-47824,51100,-69.4,CPicoNanoTesla
2026-08-05 21:51:00,-0.341094,0.115303,-0.956466,-17055,5765,-47823,27.1,5.0,18003,161.3,-47823,51100,-69.4,CPicoNanoTesla
2026-08-05 21:52:00,-0.341078,0.115291,-0.956484,-17054,5765,-47824,27.1,5.0,18002,161.3,-47824,51100,-69.4,CPicoNanoTesla
2026-08-05 21:53:00,-0.341106,0.115297,-0.956509,-17055,5765,-47825,27.1,5.0,18003,161.3,-47825,51102,-69.4,CPicoNanoTesla
2026-08-05 21:54:00,-0.341088,0.115278,-0.956484,-17054,5764,-47824,27.1,5.0,18002,161.3,-47824,51100,-69.4,CPicoNanoTesla
2026-08-05 21:55:00,-0.341084,0.115309,-0.956478,-17054,5765,-47824,27.1,5.0,18002,161.3,-47824,51100,-69.4,CPicoNanoTesla
2026-08-05 21:56:00,-0.341081,0.115294,-0.956491,-17054,5765,-47825,27.1,5.0,18002,161.3,-47825,51100,-69.4,CPicoNanoTesla
2026-08-05 21:57:00,-0.341084,0.115309,-0.956472,-17054,5765,-47824,27.1,5.0,18002,161.3,-47824,51100,-69.4,CPicoNanoTesla
2026-08-05 21:58:00,-0.341041,0.115319,-0.956472,-17052,5766,-47824,27.0,5.0,18000,161.3,-47824,51099,-69.4,CPicoNanoTesla
2026-08-05 21:59:00,-0.341069,0.115303,-0.956475,-17053,5765,-47824,27.0,5.0,18002,161.3,-47824,51100,-69.4,CPicoNanoTesla
2026-08-05 22:00:00,-0.341038,0.115338,-0.956487,-17052,5767,-47824,27.0,1.0,18001,161.3,-47824,51100,-69.4,CPicoNanoTesla
2026-08-05 22:01:00,-0.341078,0.115322,-0.956506,-17054,5766,-47825,27.0,2.0,18002,161.3,-47825,51101,-69.4,CPicoNanoTesla
2026-08-05 22:02:00,-0.341059,0.115303,-0.956484,-17053,5765,-47824,26.9,2.0,18001,161.3,-47824,51100,-69.4,CPicoNanoTesla
2026-08-05 22:03:00,-0.341075,0.115306,-0.956478,-17054,5765,-47824,26.9,2.0,18002,161.3,-47824,51100,-69.4,CPicoNanoTesla
2026-08-05 22:04:00,-0.341059,0.115344,-0.956475,-17053,5767,-47824,26.9,2.0,18002,161.3,-47824,51100,-69.4,CPicoNanoTesla
2026-08-05 22:05:00,-0.341041,0.115319,-0.956481,-17052,5766,-47824,26.9,2.0,18000,161.3,-47824,51100,-69.4,CPicoNanoTesla
2026-08-05 22:06:00,-0.341050,0.115313,-0.956469,-17052,5766,-47823,26.9,2.0,18001,161.3,-47823,51099,-69.4,CPicoNanoTesla
2026-08-05 22:07:00,-0.341038,0.115300,-0.956500,-17052,5765,-47825,26.9,2.0,18000,161.3,-47825,51100,-69.4,CPicoNanoTesla
2026-08-05 22:08:00,-0.341019,0.115272,-0.956481,-17051,5764,-47824,26.9,2.0,17999,161.3,-47824,51099,-69.4,CPicoNanoTesla
2026-08-05 22:09:00,-0.341025,0.115297,-0.956535,-17051,5765,-47827,26.8,2.0,17999,161.3,-47827,51102,-69.4,CPicoNanoTesla
2026-08-05 22:10:00,-0.341034,0.115325,-0.956500,-17052,5766,-47825,26.8,3.0,18000,161.3,-47825,51100,-69.4,CPicoNanoTesla
2026-08-05 22:11:00,-0.341034,0.115322,-0.956500,-17052,5766,-47825,26.8,3.0,18000,161.3,-47825,51100,-69.4,CPicoNanoTesla
2026-08-05 22:12:00,-0.341022,0.115325,-0.956528,-17051,5766,-47826,26.8,3.0,18000,161.3,-47826,51101,-69.4,CPicoNanoTesla
2026-08-05 22:13:00,-0.341006,0.115328,-0.956556,-17050,5766,-47828,26.8,3.0,17999,161.3,-47828,51102,-69.4,CPicoNanoTesla
2026-08-05 22:14:00,-0.341019,0.115281,-0.956528,-17051,5764,-47826,26.8,3.0,17999,161.3,-47826,51101,-69.4,CPicoNanoTesla
2026-08-05 22:15:00,-0.340978,0.115306,-0.956484,-17049,5765,-47824,26.8,3.0,17997,161.3,-47824,51099,-69.4,CPicoNanoTesla
2026-08-05 22:16:00,-0.340978,0.115306,-0.956509,-17049,5765,-47825,26.7,3.0,17997,161.3,-47825,51100,-69.4,CPicoNanoTesla
2026-08-05 22:17:00,-0.340984,0.115303,-0.956497,-17049,5765,-47825,26.7,3.0,17998,161.3,-47825,51099,-69.4,CPicoNanoTesla
2026-08-05 22:18:00,-0.340975,0.115328,-0.956513,-17049,5766,-47826,26.7,3.0,17998,161.3,-47826,51100,-69.4,CPicoNanoTesla
2026-08-05 22:19:00,-0.341022,0.115313,-0.956491,-17051,5766,-47825,26.7,3.0,18000,161.3,-47825,51100,-69.4,CPicoNanoTesla
2026-08-05 22:20:00,-0.340991,0.115328,-0.956497,-17050,5766,-47825,26.7,3.0,17998,161.3,-47825,51099,-69.4,CPicoNanoTesla
2026-08-05 22:21:00,-0.340997,0.115347,-0.956487,-17050,5767,-47824,26.6,3.0,17999,161.3,-47824,51099,-69.4,CPicoNanoTesla
2026-08-05 22:22:00,-0.340994,0.115322,-0.956531,-17050,5766,-47827,26.7,3.0,17998,161.3,-47827,51101,-69.4,CPicoNanoTesla
2026-08-05 22:23:00,-0.340953,0.115291,-0.956547,-17048,5765,-47827,26.7,4.0,17996,161.3,-47827,51101,-69.4,CPicoNanoTesla
2026-08-05 22:24:00,-0.340950,0.115294,-0.956547,-17048,5765,-47827,26.6,4.0,17996,161.3,-47827,51101,-69.4,CPicoNanoTesla
2026-08-05 22:25:00,-0.340950,0.115284,-0.956569,-17048,5764,-47828,26.6,4.0,17996,161.3,-47828,51102,-69.4,CPicoNanoTesla
2026-08-05 22:26:00,-0.340950,0.115281,-0.956528,-17048,5764,-47826,26.6,4.0,17996,161.3,-47826,51100,-69.4,CPicoNanoTesla
2026-08-05 22:27:00,-0.340969,0.115303,-0.956500,-17048,5765,-47825,26.6,4.0,17997,161.3,-47825,51099,-69.4,CPicoNanoTesla
2026-08-05 22:28:00,-0.340975,0.115291,-0.956519,-17049,5765,-47826,26.6,4.0,17997,161.3,-47826,51100,-69.4,CPicoNanoTesla
2026-08-05 22:29:00,-0.340941,0.115266,-0.956519,-17047,5763,-47826,26.6,4.0,17995,161.3,-47826,51099,-69.4,CPicoNanoTesla
2026-08-05 22:30:00,-0.340931,0.115272,-0.956538,-17047,5764,-47827,26.6,4.0,17995,161.3,-47827,51100,-69.4,CPicoNanoTesla
2026-08-05 22:31:00,-0.340931,0.115297,-0.956559,-17047,5765,-47828,26.5,4.0,17995,161.3,-47828,51101,-69.4,CPicoNanoTesla
2026-08-05 22:32:00,-0.340947,0.115294,-0.956547,-17047,5765,-47827,26.5,4.0,17996,161.3,-47827,51101,-69.4,CPicoNanoTesla
2026-08-05 22:33:00,-0.340922,0.115281,-0.956559,-17046,5764,-47828,26.5,4.0,17994,161.3,-47828,51101,-69.4,CPicoNanoTesla
2026-08-05 22:34:00,-0.340903,0.115278,-0.956547,-17045,5764,-47827,26.5,4.0,17993,161.3,-47827,51100,-69.4,CPicoNanoTesla
2026-08-05 22:35:00,-0.340909,0.115278,-0.956538,-17045,5764,-47827,26.5,4.0,17994,161.3,-47827,51100,-69.4,CPicoNanoTesla
2026-08-05 22:36:00,-0.340909,0.115256,-0.956528,-17045,5763,-47826,26.4,4.0,17993,161.3,-47826,51099,-69.4,CPicoNanoTesla
2026-08-05 22:37:00,-0.340934,0.115266,-0.956553,-17047,5763,-47828,26.4,4.0,17995,161.3,-47828,51101,-69.4,CPicoNanoTesla
2026-08-05 22:38:00,-0.340925,0.115278,-0.956541,-17046,5764,-47827,26.4,4.0,17994,161.3,-47827,51100,-69.4,CPicoNanoTesla
2026-08-05 22:39:00,-0.340916,0.115281,-0.956550,-17046,5764,-47828,26.4,4.0,17994,161.3,-47828,51100,-69.4,CPicoNanoTesla
2026-08-05 22:40:00,-0.340916,0.115259,-0.956534,-17046,5763,-47827,26.4,4.0,17994,161.3,-47827,51100,-69.4,CPicoNanoTesla
2026-08-05 22:41:00,-0.340906,0.115297,-0.956559,-17045,5765,-47828,26.4,4.0,17994,161.3,-47828,51101,-69.4,CPicoNanoTesla
2026-08-05 22:42:00,-0.340888,0.115272,-0.956550,-17044,5764,-47828,26.4,4.0,17992,161.3,-47828,51100,-69.4,CPicoNanoTesla
2026-08-05 22:43:00,-0.340897,0.115288,-0.956572,-17045,5764,-47829,26.4,4.0,17993,161.3,-47829,51101,-69.4,CPicoNanoTesla
2026-08-05 22:44:00,-0.340919,0.115250,-0.956578,-17046,5762,-47829,26.4,4.0,17994,161.3,-47829,51102,-69.4,CPicoNanoTesla
2026-08-05 22:45:00,-0.340903,0.115291,-0.956609,-17045,5765,-47830,26.3,4.0,17994,161.3,-47830,51103,-69.4,CPicoNanoTesla
2026-08-05 22:46:00,-0.340875,0.115294,-0.956591,-17044,5765,-47830,26.3,4.0,17992,161.3,-47830,51102,-69.4,CPicoNanoTesla
2026-08-05 22:47:00,-0.340909,0.115294,-0.956597,-17045,5765,-47830,26.3,4.0,17994,161.3,-47830,51103,-69.4,CPicoNanoTesla
2026-08-05 22:48:00,-0.340900,0.115303,-0.956600,-17045,5765,-47830,26.3,4.0,17994,161.3,-47830,51103,-69.4,CPicoNanoTesla
2026-08-05 22:49:00,-0.340919,0.115284,-0.956625,-17046,5764,-47831,26.3,4.0,17994,161.3,-47831,51104,-69.4,CPicoNanoTesla
2026-08-05 22:50:00,-0.340906,0.115272,-0.956528,-17045,5764,-47826,26.3,4.0,17993,161.3,-47826,51099,-69.4,CPicoNanoTesla
2026-08-05 22:51:00,-0.340903,0.115306,-0.956559,-17045,5765,-47828,26.3,4.0,17994,161.3,-47828,51101,-69.4,CPicoNanoTesla
2026-08-05 22:52:00,-0.340891,0.115284,-0.956591,-17045,5764,-47830,26.3,4.0,17993,161.3,-47830,51102,-69.4,CPicoNanoTesla
2026-08-05 22:53:00,-0.340900,0.115309,-0.956578,-17045,5765,-47829,26.2,4.0,17994,161.3,-47829,51102,-69.4,CPicoNanoTesla
2026-08-05 22:54:00,-0.340903,0.115313,-0.956606,-17045,5766,-47830,26.2,4.0,17994,161.3,-47830,51103,-69.4,CPicoNanoTesla
2026-08-05 22:55:00,-0.340878,0.115325,-0.956597,-17044,5766,-47830,26.2,4.0,17993,161.3,-47830,51102,-69.4,CPicoNanoTesla
2026-08-05 22:56:00,-0.340909,0.115328,-0.956616,-17045,5766,-47831,26.2,4.0,17994,161.3,-47831,51104,-69.4,CPicoNanoTesla
2026-08-05 22:57:00,-0.340903,0.115313,-0.956644,-17045,5766,-47832,26.2,4.0,17994,161.3,-47832,51105,-69.4,CPicoNanoTesla
2026-08-05 22:58:00,-0.340903,0.115316,-0.956606,-17045,5766,-47830,26.2,4.0,17994,161.3,-47830,51103,-69.4,CPicoNanoTesla
2026-08-05 22:59:00,-0.340863,0.115316,-0.956591,-17043,5766,-47830,26.1,4.0,17992,161.3,-47830,51102,-69.4,CPicoNanoTesla
2026-08-05 23:00:00,-0.340847,0.115309,-0.956638,-17042,5765,-47832,26.1,2.0,17991,161.3,-47832,51104,-69.4,CPicoNanoTesla
2026-08-05 23:01:00,-0.340891,0.115266,-0.956609,-17045,5763,-47830,26.1,2.0,17993,161.3,-47830,51103,-69.4,CPicoNanoTesla
2026-08-05 23:02:00,-0.340909,0.115263,-0.956613,-17045,5763,-47831,26.1,2.0,17993,161.3,-47831,51103,-69.4,CPicoNanoTesla
2026-08-05 23:03:00,-0.340903,0.115275,-0.956594,-17045,5764,-47830,26.1,2.0,17993,161.3,-47830,51102,-69.4,CPicoNanoTesla
2026-08-05 23:04:00,-0.340903,0.115297,-0.956616,-17045,5765,-47831,26.1,2.0,17994,161.3,-47831,51103,-69.4,CPicoNanoTesla
2026-08-05 23:05:00,-0.340878,0.115288,-0.956638,-17044,5764,-47832,26.1,2.0,17992,161.3,-47832,51104,-69.4,CPicoNanoTesla
2026-08-05 23:06:00,-0.340891,0.115281,-0.956597,-17045,5764,-47830,26.0,2.0,17993,161.3,-47830,51102,-69.4,CPicoNanoTesla
2026-08-05 23:07:00,-0.340819,0.115313,-0.956672,-17041,5766,-47834,26.0,2.0,17990,161.3,-47834,51105,-69.4,CPicoNanoTesla
2026-08-05 23:08:00,-0.340831,0.115316,-0.956647,-17042,5766,-47832,26.0,2.0,17991,161.3,-47832,51104,-69.4,CPicoNanoTesla
2026-08-05 23:09:00,-0.340828,0.115316,-0.956672,-17041,5766,-47834,26.0,2.0,17990,161.3,-47834,51105,-69.4,CPicoNanoTesla
2026-08-05 23:10:00,-0.340797,0.115313,-0.956709,-17040,5766,-47835,26.0,2.0,17989,161.3,-47835,51106,-69.4,CPicoNanoTesla
2026-08-05 23:11:00,-0.340813,0.115300,-0.956688,-17041,5765,-47834,26.0,2.0,17989,161.3,-47834,51105,-69.4,CPicoNanoTesla
2026-08-05 23:12:00,-0.340784,0.115325,-0.956713,-17039,5766,-47836,26.0,2.0,17988,161.3,-47836,51106,-69.4,CPicoNanoTesla
2026-08-05 23:13:00,-0.340791,0.115325,-0.956688,-17040,5766,-47834,26.0,2.0,17989,161.3,-47834,51105,-69.4,CPicoNanoTesla
2026-08-05 23:14:00,-0.340809,0.115341,-0.956710,-17040,5767,-47835,26.0,2.0,17990,161.3,-47835,51106,-69.4,CPicoNanoTesla
2026-08-05 23:15:00,-0.340853,0.115266,-0.956606,-17043,5763,-47830,26.0,2.0,17991,161.3,-47830,51102,-69.4,CPicoNanoTesla
2026-08-05 23:16:00,-0.340863,0.115294,-0.956638,-17043,5765,-47832,25.9,2.0,17992,161.3,-47832,51104,-69.4,CPicoNanoTesla
2026-08-05 23:17:00,-0.340819,0.115331,-0.956697,-17041,5767,-47835,25.9,2.0,17990,161.3,-47835,51106,-69.4,CPicoNanoTesla
2026-08-05 23:18:00,-0.340856,0.115325,-0.956666,-17043,5766,-47833,25.9,2.0,17992,161.3,-47833,51105,-69.4,CPicoNanoTesla
2026-08-05 23:19:00,-0.340813,0.115319,-0.956663,-17041,5766,-47833,25.9,2.0,17990,161.3,-47833,51104,-69.4,CPicoNanoTesla
2026-08-05 23:20:00,-0.340863,0.115334,-0.956653,-17043,5767,-47833,25.9,2.0,17992,161.3,-47833,51105,-69.4,CPicoNanoTesla
2026-08-05 23:21:00,-0.340847,0.115328,-0.956653,-17042,5766,-47833,25.9,2.0,17991,161.3,-47833,51104,-69.4,CPicoNanoTesla
2026-08-05 23:22:00,-0.340881,0.115325,-0.956672,-17044,5766,-47834,25.9,2.0,17993,161.3,-47834,51106,-69.4,CPicoNanoTesla
2026-08-05 23:23:00,-0.340872,0.115322,-0.956656,-17044,5766,-47833,25.8,2.0,17993,161.3,-47833,51105,-69.4,CPicoNanoTesla
2026-08-05 23:24:00,-0.340831,0.115356,-0.956663,-17042,5768,-47833,25.8,2.0,17991,161.3,-47833,51105,-69.4,CPicoNanoTesla
2026-08-05 23:25:00,-0.340844,0.115331,-0.956650,-17042,5767,-47832,25.8,2.0,17991,161.3,-47832,51104,-69.4,CPicoNanoTesla
2026-08-05 23:26:00,-0.340859,0.115344,-0.956672,-17043,5767,-47834,25.8,2.0,17992,161.3,-47834,51106,-69.4,CPicoNanoTesla
2026-08-05 23:27:00,-0.340828,0.115350,-0.956681,-17041,5768,-47834,25.8,2.0,17991,161.3,-47834,51105,-69.4,CPicoNanoTesla
2026-08-05 23:28:00,-0.340850,0.115347,-0.956700,-17042,5767,-47835,25.8,2.0,17992,161.3,-47835,51107,-69.4,CPicoNanoTesla
2026-08-05 23:29:00,-0.340816,0.115328,-0.956713,-17041,5766,-47836,25.8,2.0,17990,161.3,-47836,51107,-69.4,CPicoNanoTesla
2026-08-05 23:30:00,-0.340834,0.115322,-0.956684,-17042,5766,-47834,25.8,2.0,17991,161.3,-47834,51106,-69.4,CPicoNanoTesla
2026-08-05 23:31:00,-0.340853,0.115331,-0.956678,-17043,5767,-47834,25.8,2.0,17992,161.3,-47834,51106,-69.4,CPicoNanoTesla
2026-08-05 23:32:00,-0.340859,0.115341,-0.956700,-17043,5767,-47835,25.8,2.0,17992,161.3,-47835,51107,-69.4,CPicoNanoTesla
2026-08-05 23:33:00,-0.340844,0.115309,-0.956663,-17042,5765,-47833,25.7,2.0,17991,161.3,-47833,51105,-69.4,CPicoNanoTesla
2026-08-05 23:34:00,-0.340847,0.115328,-0.956713,-17042,5766,-47836,25.7,2.0,17991,161.3,-47836,51107,-69.4,CPicoNanoTesla
2026-08-05 23:35:00,-0.340875,0.115316,-0.956672,-17044,5766,-47834,25.7,2.0,17993,161.3,-47834,51106,-69.4,CPicoNanoTesla
2026-08-05 23:36:00,-0.340881,0.115281,-0.956663,-17044,5764,-47833,25.7,2.0,17992,161.3,-47833,51105,-69.4,CPicoNanoTesla
2026-08-05 23:37:00,-0.340997,0.115256,-0.956631,-17050,5763,-47832,25.7,4.0,17997,161.3,-47832,51105,-69.4,CPicoNanoTesla
2026-08-05 23:38:00,-0.340919,0.115294,-0.956672,-17046,5765,-47834,25.7,8.0,17994,161.3,-47834,51106,-69.4,CPicoNanoTesla
2026-08-05 23:39:00,-0.340997,0.115244,-0.956653,-17050,5762,-47833,25.7,8.0,17997,161.3,-47833,51106,-69.4,CPicoNanoTesla
2026-08-05 23:40:00,-0.340894,0.115341,-0.956672,-17045,5767,-47834,25.7,8.0,17994,161.3,-47834,51106,-69.4,CPicoNanoTesla
2026-08-05 23:41:00,-0.340962,0.115259,-0.956666,-17048,5763,-47833,25.6,8.0,17996,161.3,-47833,51106,-69.4,CPicoNanoTesla
2026-08-05 23:42:00,-0.340966,0.115288,-0.956647,-17048,5764,-47832,25.6,8.0,17996,161.3,-47832,51106,-69.4,CPicoNanoTesla
2026-08-05 23:43:00,-0.340944,0.115256,-0.956691,-17047,5763,-47835,25.6,8.0,17995,161.3,-47835,51107,-69.4,CPicoNanoTesla
2026-08-05 23:44:00,-0.340969,0.115256,-0.956672,-17048,5763,-47834,25.6,8.0,17996,161.3,-47834,51107,-69.4,CPicoNanoTesla
2026-08-05 23:45:00,-0.340953,0.115225,-0.956659,-17048,5761,-47833,25.6,8.0,17995,161.3,-47833,51106,-69.4,CPicoNanoTesla
2026-08-05 23:46:00,-0.340969,0.115188,-0.956666,-17048,5759,-47833,25.6,8.0,17995,161.3,-47833,51106,-69.4,CPicoNanoTesla
2026-08-05 23:47:00,-0.340944,0.115206,-0.956656,-17047,5760,-47833,25.6,8.0,17994,161.3,-47833,51105,-69.4,CPicoNanoTesla
2026-08-05 23:48:00,-0.340944,0.115147,-0.956659,-17047,5757,-47833,25.5,8.0,17993,161.3,-47833,51105,-69.4,CPicoNanoTesla
2026-08-05 23:49:00,-0.340934,0.115156,-0.956650,-17047,5758,-47832,25.6,8.0,17993,161.3,-47832,51105,-69.4,CPicoNanoTesla
2026-08-05 23:50:00,-0.340941,0.115116,-0.956647,-17047,5756,-47832,25.5,8.0,17993,161.3,-47832,51104,-69.4,CPicoNanoTesla
2026-08-05 23:51:00,-0.340925,0.115100,-0.956628,-17046,5755,-47831,25.5,8.0,17992,161.3,-47831,51103,-69.4,CPicoNanoTesla
2026-08-05 23:52:00,-0.340934,0.115097,-0.956656,-17047,5755,-47833,25.5,8.0,17992,161.3,-47833,51105,-69.4,CPicoNanoTesla
2026-08-05 23:53:00,-0.340950,0.115081,-0.956634,-17048,5754,-47832,25.5,8.0,17992,161.3,-47832,51104,-69.4,CPicoNanoTesla
2026-08-05 23:54:00,-0.340944,0.115081,-0.956644,-17047,5754,-47832,25.5,8.0,17992,161.3,-47832,51104,-69.4,CPicoNanoTesla
2026-08-05 23:55:00,-0.340947,0.115047,-0.956678,-17047,5752,-47834,25.5,8.0,17992,161.4,-47834,51106,-69.4,CPicoNanoTesla
2026-08-05 23:56:00,-0.340947,0.115050,-0.956638,-17047,5752,-47832,25.4,8.0,17992,161.4,-47832,51104,-69.4,CPicoNanoTesla
2026-08-05 23:57:00,-0.340950,0.115034,-0.956672,-17048,5752,-47834,25.4,8.0,17992,161.4,-47834,51105,-69.4,CPicoNanoTesla
2026-08-05 23:58:00,-0.340950,0.115038,-0.956669,-17048,5752,-47833,25.4,8.0,17992,161.4,-47833,51105,-69.4,CPicoNanoTesla
2026-08-05 23:59:00,-0.340962,0.115038,-0.956672,-17048,5752,-47834,25.4,8.0,17992,161.4,-47834,51106,-69.4,CPicoNanoTesla
